BRAND,COLOR,CONDITIONS,PRICE
other,gray,New,303.8
dell,black,Used,175.0
hp,black,Good - Refurbished,85.0
dell,other,Good - Refurbished,101.25
acer,black,Undefined,50.0
hp,black,Undefined,39.6
acer,gray,Undefined,35.0
dell,black,Excellent - Refurbished,280.0
hp,silver,Undefined,125.0
lenovo,black,Used,138.0
samsung,other,New,430.5
acer,silver,Undefined,70.0
other,gray,New,152.0
other,gray,New,244.0
dell,black,Used,170.0
dell,black,Used,218.0
dell,black,Used,130.0
acer,gray,Used,40.0
dell,black,Very Good - Refurbished,393.0
dell,other,Open box,625.0
dell,silver,Undefined,315.0
dell,black,Used,200.0
other,other,Used,227.4
hp,silver,New,300.0
microsoft,gray,Used,60.0
lenovo,black,Undefined,45.0
hp,silver,New,439.0
other,other,Used,206.6
dell,black,Very Good - Refurbished,345.0
other,gray,New,242.0
hp,black,Very Good - Refurbished,420.0
lenovo,black,Used,73.0
hp,black,Very Good - Refurbished,209.0
other,gray,New,150.0
lenovo,gray,Undefined,799.0
lenovo,brown,Used,100.0
dell,black,Used,219.0
dell,black,Used,152.5
other,gray,New,269.5
lenovo,black,Used,130.0
dell,black,New,489.0
dell,black,Used,120.0
lg,black,Used,550.0
hp,multicolor,Used,29.98
hp,black,Very Good - Refurbished,145.0
dell,other,Used,160.0
hp,multicolor,Very Good - Refurbished,85.0
microsoft,other,For parts or not working,69.6
hp,black,Used,70.0
hp,gray,Used,49.0
dell,black,Used,130.0
lenovo,other,For parts or not working,135.0
lenovo,black,Undefined,81.0
microsoft,silver,Undefined,103.75
dell,black,Used,200.0
dell,other,Used,288.0
dell,black,Used,105.0
dell,black,Used,39.94
lenovo,black,Used,90.0
lenovo,grey,New,599.0
other,other,Used,800.0
dell,other,Very Good - Refurbished,170.0
dell,other,Used,239.0
dell,silver,Used,169.0
hp,silver,Very Good - Refurbished,290.0
dell,black,Used,90.0
lenovo,other,Used,105.0
microsoft,silver,Open box,409.0
dell,black,Used,200.0
lenovo,gray,Undefined,55.0
other,silver,New,225.0
hp,blue,Undefined,659.0
dell,gray,Used,229.0
hp,other,Used,210.0
lenovo,black,Used,180.0
other,silver,Used,675.0
dell,black,Very Good - Refurbished,125.94
lenovo,gray,Used,90.0
other,other,Very Good - Refurbished,271.8
hp,other,Used,999.0
lenovo,other,Used,229.0
asus,gray,Undefined,293.0
dell,gray,Used,185.0
hp,silver,Used,259.0
other,multicolor,Used,115.0
acer,gray,Used,41.0
dell,black,Used,75.0
hp,silver,Used,510.0
lenovo,gray,Undefined,170.0
other,other,For parts or not working,59.8
hp,gray,Used,44.75
dell,other,Used,209.0
lenovo,other,Used,180.0
dell,other,Excellent - Refurbished,220.0
dell,other,Excellent - Refurbished,260.0
other,other,New,59.4
other,other,Good - Refurbished,306.8
lenovo,other,New,73.0
dell,other,Used,389.8
other,other,Used,107.44
other,other,Used,1179.0
dell,black,Used,300.0
hp,multicolor,Used,69.0
lenovo,black,Used,244.8
other,other,Used,10.52
lenovo,black,Undefined,370.0
lenovo,gray,Undefined,270.0
other,other,New,64.6
other,other,New,65.06
lenovo,other,New,61.6
other,other,Used,26.05
dell,other,Used,384.5
other,other,New,13.02
dell,other,Used,24.25
dell,other,Used,470.5
acer,silver,Used,90.0
other,other,New,420.0
other,other,Used,7.26
dell,other,Used,199.0
microsoft,silver,Undefined,200.0
hp,silver,New,390.0
other,other,Used,582.5
other,other,New,42.3
other,other,Used,405.5
other,other,Used,298.8
other,other,Used,81.4
other,other,Used,380.0
dell,black,Used,125.0
other,other,New,111.5
other,other,Undefined,78.2
other,other,Used,32.56
lenovo,black,Undefined,250.0
other,black,Seller refurbished,344.5
other,other,Used,405.5
hp,silver,Undefined,140.0
hp,other,Undefined,759.0
lenovo,other,Undefined,1197.0
dell,other,Used,400.0
other,other,New,96.56
other,other,New,26.16
other,other,Used,425.5
lenovo,other,Used,461.8
other,black,Seller refurbished,216.0
dell,other,Used,487.5
other,black,Seller refurbished,449.2
other,other,Used,487.2
other,other,Seller refurbished,530.0
other,other,Seller refurbished,354.0
other,other,Used,859.0
other,other,Seller refurbished,1724.0
other,other,Used,812.0
auo,other,New,70.3
other,other,For parts or not working,22.34
other,other,Used,269.5
other,other,New,92.1
other,other,Excellent - Refurbished,240.2
other,black,Seller refurbished,357.0
other,other,Used,436.0
dell,other,Used,144.0
dell,black,Used,430.2
other,other,Seller refurbished,276.5
other,other,New,165.0
dell,black,Used,323.8
other,other,New,88.7
other,other,New,110.06
other,other,Seller refurbished,475.5
other,other,Used,48.84
other,other,Used,627.0
dell,black,Used,443.8
other,other,Seller refurbished,650.5
other,other,New,94.1
other,black,Used,269.2
other,other,Excellent - Refurbished,425.2
other,other,Seller refurbished,546.5
other,other,Used,1752.0
other,black,Seller refurbished,2108.0
lg,other,New,93.75
other,other,New,81.9
other,other,New,113.75
other,other,Used,358.8
other,other,Used,301.5
other,other,New,103.2
other,other,New,108.06
other,other,New,91.2
other,other,New,106.56
other,other,New,85.75
lg,other,New,93.25
other,other,New,81.6
other,other,New,41.5
other,other,New,296.8
other,other,New,84.2
dell,silver,Used,75.0
other,other,New,166.2
lenovo,other,Seller refurbished,456.8
other,other,Seller refurbished,959.0
other,other,Used,27.12
dell,other,Used,314.5
dell,other,Used,400.2
dell,black,Used,214.8
lenovo,other,Seller refurbished,708.0
other,black,Seller refurbished,326.2
other,other,Used,329.8
other,other,New,110.0
other,other,Used,304.5
other,other,New,162.8
acer,other,New,67.06
other,black,Seller refurbished,382.0
other,other,Undefined,85.7
other,other,Seller refurbished,651.5
other,other,New,104.94
other,other,Used,1703.0
other,black,Undefined,127.75
other,other,Seller refurbished,1291.0
other,other,Seller refurbished,731.5
other,other,Used,827.0
other,other,Used,310.8
other,other,Used,335.8
other,other,Used,203.0
other,other,New,101.0
other,other,New,62.94
other,other,Undefined,116.25
other,other,New,20.78
other,other,New,104.44
other,other,Seller refurbished,667.5
other,black,Seller refurbished,332.0
other,other,Used,339.2
other,other,New,131.2
other,other,New,29.86
lenovo,black,Used,1132.0
other,other,New,60.78
lenovo,other,Used,453.8
samsung,other,New,70.0
other,black,Seller refurbished,354.0
other,other,Used,571.5
dell,other,Used,283.2
other,other,Good - Refurbished,318.2
other,other,Used,100.1
other,black,Used,325.8
other,other,New,47.0
other,other,Seller refurbished,338.8
other,other,Seller refurbished,445.8
other,other,Used,596.5
other,other,Undefined,117.06
other,black,Seller refurbished,342.2
lenovo,other,Used,639.0
other,other,New,89.25
other,other,Seller refurbished,512.0
other,other,Used,335.8
dell,other,Used,559.5
dell,other,Used,352.5
other,other,Used,341.8
lenovo,black,Used,691.5
other,other,Used,405.2
lg,other,New,95.0
other,other,New,116.56
other,other,For parts or not working,21.8
lenovo,black,Used,626.0
other,other,Seller refurbished,481.8
dell,other,Used,389.8
other,other,Used,516.0
other,other,New,85.06
other,other,Seller refurbished,500.5
other,black,Seller refurbished,462.2
other,other,New,28.8
other,other,Seller refurbished,491.0
dell,other,Used,392.0
other,black,Used,383.5
dell,black,Used,568.5
other,black,Used,573.0
other,other,New,142.9
other,other,Used,10.85
other,other,New,80.75
other,other,Used,23.88
other,other,Used,251.6
dell,other,Used,451.5
other,other,New,80.5
other,other,Seller refurbished,478.5
other,other,Seller refurbished,766.0
dell,gray,Undefined,221.2
other,black,Seller refurbished,399.0
lenovo,other,New,45.1
auo,other,New,92.5
dell,black,Used,1463.0
other,other,Used,373.0
dell,other,Used,416.2
other,other,Used,394.8
other,other,New,382.0
dell,other,Used,293.2
other,black,Used,783.5
other,black,Used,727.0
hp,silver,New,699.0
other,other,Seller refurbished,391.5
other,other,Seller refurbished,411.5
other,other,Seller refurbished,229.6
other,other,Undefined,199.9
lenovo,black,Undefined,542.5
other,other,Seller refurbished,548.5
other,other,New,655.5
lenovo,other,Used,464.5
dell,black,Used,334.2
other,other,New,112.2
other,other,New,114.5
other,other,New,123.2
other,black,Seller refurbished,457.2
other,other,New,89.6
other,other,New,58.56
other,other,New,130.4
other,other,Used,318.0
other,other,New,88.25
lg,other,New,103.25
other,other,New,2506.0
other,other,New,309.2
other,other,Seller refurbished,526.0
other,black,Seller refurbished,543.5
other,black,Seller refurbished,2288.0
other,other,Used,377.8
other,other,Used,382.5
dell,other,Used,307.2
lg,other,New,86.1
other,other,Used,1077.0
other,other,New,58.62
other,other,New,53.16
other,other,Undefined,85.25
other,other,Seller refurbished,363.2
auo,other,New,91.7
lenovo,other,Used,449.8
other,other,Used,289.0
other,black,Seller refurbished,313.2
other,other,For parts or not working,22.06
other,black,Seller refurbished,374.5
other,other,Undefined,59.22
dell,other,Used,272.0
other,other,Undefined,39.12
other,other,New,45.1
other,other,For parts or not working,27.94
dell,other,Seller refurbished,469.0
hp,other,Used,200.0
other,other,New,107.6
dell,other,Used,652.0
dell,other,Used,422.5
other,other,New,79.4
other,other,Undefined,27.58
dell,other,Used,235.0
other,black,Seller refurbished,571.5
other,other,Used,526.5
dell,black,Used,214.8
other,other,New,103.5
other,other,New,485.5
auo,other,New,60.06
acer,other,Undefined,93.9
samsung,other,New,113.25
other,other,New,32.44
other,other,New,46.06
other,other,Used,336.2
other,black,Seller refurbished,426.0
other,black,Seller refurbished,303.8
other,other,New,63.7
other,other,New,460.0
other,other,Used,380.0
other,black,Used,394.0
other,other,Used,75.94
other,other,New,203.8
other,other,Undefined,81.6
other,other,New,85.25
lenovo,black,Used,319.5
other,black,New,3156.0
other,other,Used,339.5
other,other,New,440.2
dell,black,Used,381.5
dell,other,Used,314.5
dell,black,Used,408.2
lg,other,New,91.3
other,other,Used,481.0
other,other,Used,222.9
other,other,New,128.5
other,other,Used,408.5
other,black,Seller refurbished,488.8
other,other,New,28.98
other,other,New,94.4
other,other,New,125.94
other,other,Used,361.8
other,other,New,130.0
other,other,Seller refurbished,2130.0
dell,black,Used,462.8
other,other,New,105.0
other,other,Seller refurbished,2270.0
other,other,New,26.52
lenovo,black,Used,1701.0
dell,black,Used,477.8
other,other,New,117.44
samsung,other,New,55.12
other,other,New,104.7
other,other,Undefined,28.8
auo,other,New,50.78
other,other,Used,84.9
other,other,Used,721.0
lenovo,gray,Used,607.0
other,other,Used,416.2
other,other,Seller refurbished,737.0
samsung,other,Undefined,90.06
other,other,Undefined,64.0
other,other,Undefined,48.66
lg,other,New,92.1
dell,other,Used,485.8
other,other,Used,462.0
other,other,Used,377.8
lg,other,New,112.25
other,other,New,92.6
other,other,Seller refurbished,379.0
auo,other,New,92.1
other,other,New,310.5
lenovo,other,New,72.2
other,other,New,128.1
other,other,New,45.28
other,other,New,124.25
other,other,New,108.75
other,other,New,106.6
lg,other,New,90.75
other,other,New,234.0
other,other,Seller refurbished,2080.0
other,other,Seller refurbished,2146.0
other,other,New,82.2
auo,other,New,74.3
other,other,New,198.4
other,other,Used,431.5
other,black,Seller refurbished,570.0
dell,other,Used,458.8
other,other,Undefined,123.06
auo,other,New,89.9
other,other,New,114.9
other,other,Undefined,275.8
other,other,Used,377.8
other,other,New,70.0
other,other,New,52.84
other,other,Seller refurbished,197.2
other,black,Seller refurbished,411.5
dell,other,Used,362.5
dell,black,Used,180.0
other,other,Undefined,58.62
other,other,Good - Refurbished,310.0
other,other,New,119.06
other,other,New,126.25
other,other,Used,21.7
other,other,New,100.4
samsung,other,New,142.0
lenovo,other,Used,567.5
other,other,Used,13.02
dell,other,Used,483.0
other,black,Used,431.8
other,other,Used,489.8
other,other,Used,8.68
other,other,Seller refurbished,1144.0
other,other,Used,8.68
other,other,Used,460.0
other,other,Used,338.8
other,other,Used,15.19
other,other,New,93.44
other,other,Used,16.28
other,other,Used,454.8
other,other,New,92.0
other,other,Used,15.19
other,other,New,75.75
other,black,Seller refurbished,415.2
other,other,Used,13.02
other,other,New,140.0
other,other,Used,204.1
other,other,Used,215.1
other,other,Undefined,105.5
other,gray,Used,318.5
other,other,Undefined,176.6
other,other,New,10.85
other,other,Used,326.2
other,other,New,195.4
acer,other,New,91.9
lg,other,New,59.25
other,other,New,74.56
auo,other,New,94.0
other,other,New,82.44
samsung,other,New,130.8
other,other,New,311.5
other,other,Good - Refurbished,310.0
other,other,Seller refurbished,2130.0
other,other,Seller refurbished,2096.0
other,other,New,86.2
lenovo,gray,Open box,192.0
acer,blue,New,390.0
acer,black,Used,54.0
dell,black,Excellent - Refurbished,370.0
lenovo,black,Used,150.0
lenovo,blue,Open box,444.5
dell,other,Used,270.0
acer,silver,Undefined,349.5
lenovo,gray,Undefined,270.0
dell,other,Used,136.0
lenovo,other,Used,99.94
microsoft,silver,Good - Refurbished,530.0
lg,other,Excellent - Refurbished,655.0
lenovo,black,Used,198.0
hp,other,Used,88.0
lenovo,other,Used,120.0
lenovo,black,For parts or not working,60.0
asus,other,Undefined,163.0
microsoft,silver,New,699.0
hp,other,Open box,444.2
dell,black,Used,235.0
lenovo,black,Used,29.98
other,silver,Very Good - Refurbished,685.0
other,other,Used,118.0
other,black,Used,300.0
lenovo,black,Very Good - Refurbished,450.0
microsoft,silver,Used,259.8
hp,silver,Used,172.0
dell,other,Good - Refurbished,422.0
other,black,Undefined,220.0
lenovo,black,Very Good - Refurbished,268.0
dell,other,Excellent - Refurbished,400.0
other,gray,Open box,300.0
lenovo,purple,Used,187.8
dell,other,Used,100.0
asus,black,Undefined,289.5
other,silver,Used,178.0
other,other,Used,208.8
microsoft,silver,Used,130.0
dell,black,Used,400.0
other,other,Used,226.8
hp,other,Open box,725.0
lenovo,black,Excellent - Refurbished,400.0
lenovo,black,Used,139.0
hp,silver,Open box,450.0
dell,black,Used,155.0
other,other,New,145.1
other,other,Excellent - Refurbished,358.5
other,other,New,111.25
lenovo,black,Undefined,459.0
other,other,New,64.0
dell,other,Used,392.0
other,other,New,81.4
lenovo,black,Used,603.5
other,other,Seller refurbished,283.5
other,other,Seller refurbished,545.0
other,other,Used,43.5
other,other,Undefined,104.94
other,other,Seller refurbished,637.0
other,other,Used,476.8
other,other,Seller refurbished,591.0
other,other,Seller refurbished,366.8
other,other,Undefined,166.9
other,black,Undefined,88.7
other,black,Used,852.0
dell,other,Seller refurbished,465.5
other,other,Seller refurbished,485.5
lenovo,black,Used,626.0
other,other,Seller refurbished,690.5
dell,black,Used,465.2
other,other,Used,1701.0
other,other,New,59.84
dell,other,Used,303.8
other,other,New,317.8
lg,other,New,92.56
other,other,Used,5.43
other,other,New,105.6
other,other,New,129.1
other,other,New,41.97
other,other,New,91.44
auo,other,New,92.06
auo,other,New,54.8
other,other,New,70.1
other,other,Undefined,93.44
acer,other,New,93.9
dell,black,Used,279.0
other,other,New,127.75
other,other,New,58.47
dell,black,Used,350.2
other,other,Used,449.8
samsung,other,New,95.56
auo,other,Undefined,94.0
microsoft,other,Used,1909.0
other,other,Used,9.77
other,other,Seller refurbished,745.5
dell,other,Used,429.2
other,other,New,149.8
other,other,Undefined,113.75
other,other,Used,1882.0
other,other,Used,41.75
other,other,For parts or not working,21.69
other,other,Used,419.0
other,other,Good - Refurbished,303.8
dell,other,Used,302.8
other,other,Used,366.8
dell,other,Used,414.8
other,other,Used,471.8
other,other,Used,348.5
dell,black,Used,477.8
other,other,New,300.8
other,other,Undefined,58.72
other,other,New,105.75
auo,other,New,65.25
other,other,Undefined,57.88
other,other,Used,9.77
other,other,Undefined,94.4
other,other,New,75.94
other,other,New,82.25
dell,other,Used,356.2
lenovo,black,Used,319.5
lg,other,Undefined,97.5
other,black,Undefined,75.94
other,other,Used,10.85
other,other,New,115.94
other,other,New,31.44
other,other,Used,351.5
lenovo,other,Used,434.2
lenovo,other,Used,434.5
other,other,New,44.97
hp,other,New,76.9
samsung,other,New,110.8
other,other,Seller refurbished,2724.0
auo,other,New,59.22
other,other,Seller refurbished,488.8
samsung,other,New,127.56
other,gray,Used,323.2
other,other,Used,125.0
other,silver,Used,530.0
dell,other,Used,430.5
other,other,New,70.3
lenovo,other,New,60.97
auo,other,New,66.3
dell,black,Used,942.5
other,other,New,267.0
other,other,For parts or not working,32.56
other,other,Used,272.2
lg,other,New,109.2
other,other,New,39.38
dell,other,Used,464.5
other,other,New,102.8
other,other,New,81.06
auo,other,New,70.5
lenovo,other,Undefined,91.9
other,other,New,21.8
other,other,New,63.28
other,other,Seller refurbished,715.0
lg,other,New,112.44
acer,other,Used,50.47
lg,other,New,137.4
other,black,Seller refurbished,375.8
other,other,Used,430.5
other,other,New,91.3
other,other,Used,510.8
samsung,other,Undefined,90.9
other,other,Seller refurbished,347.2
other,other,For parts or not working,22.06
other,other,Used,16.36
other,black,Seller refurbished,285.0
other,other,Used,423.2
other,other,Used,384.2
lenovo,other,Used,597.5
lenovo,other,Used,434.2
other,other,Used,236.5
other,other,New,48.28
other,other,New,242.2
other,other,Seller refurbished,954.5
other,other,New,196.9
other,other,Seller refurbished,2658.0
other,other,New,105.44
other,black,Seller refurbished,352.0
lenovo,black,Used,470.2
other,other,Used,636.5
other,other,New,124.3
other,other,Seller refurbished,827.5
other,black,Seller refurbished,278.8
other,other,New,92.06
other,other,New,95.0
other,other,Seller refurbished,1090.0
dell,black,Used,532.0
dell,other,Seller refurbished,283.0
other,other,New,116.25
dell,other,Used,293.2
acer,other,New,91.44
dell,other,Used,427.2
other,other,Used,10.85
other,other,Undefined,47.1
other,other,New,58.97
lg,other,New,91.9
other,black,Seller refurbished,329.2
other,other,New,103.06
samsung,other,New,70.5
other,other,New,106.94
auo,other,New,90.1
other,black,Seller refurbished,361.5
other,other,New,120.75
other,other,New,105.9
other,other,New,319.0
hp,other,Good - Refurbished,329.5
lenovo,other,New,729.5
other,other,New,78.25
other,other,New,130.8
other,other,Seller refurbished,2144.0
other,other,New,31.27
asus,other,Used,417.8
other,other,Used,360.8
dell,other,Used,377.8
other,other,Used,19.81
other,black,Used,684.0
other,other,Open box,294.5
dell,black,Used,326.2
other,other,New,87.7
lenovo,other,Used,462.8
dell,other,Used,554.5
other,other,New,128.0
other,other,Seller refurbished,1028.0
samsung,other,New,99.44
dell,black,Used,532.0
lenovo,black,Used,423.0
lenovo,other,Used,738.0
other,other,Used,8.68
dell,other,Used,303.8
other,other,Undefined,26.52
other,other,Seller refurbished,422.8
other,black,Used,441.2
dell,other,Used,433.0
other,other,New,120.5
other,other,Used,13.02
other,other,Used,351.2
other,black,Used,383.5
other,black,Undefined,413.8
dell,other,Seller refurbished,283.0
dell,other,Seller refurbished,270.2
samsung,other,New,50.03
other,other,Used,289.8
other,other,Used,475.5
lg,other,New,90.5
other,other,Undefined,70.6
samsung,other,New,70.56
dell,other,Used,387.0
other,black,Seller refurbished,368.0
other,other,Used,656.5
other,other,For parts or not working,27.48
other,other,New,67.2
other,other,Undefined,108.06
other,other,New,164.0
lenovo,black,Used,488.2
other,other,Used,42.3
other,other,New,27.58
auo,other,New,124.25
lenovo,other,Used,449.8
other,other,New,76.5
samsung,other,Undefined,109.9
dell,black,Used,382.5
other,other,New,74.9
dell,other,Used,416.2
hp,other,Undefined,116.5
dell,other,Seller refurbished,321.2
other,other,Undefined,96.56
lenovo,other,Used,456.0
other,other,New,274.0
other,other,Seller refurbished,683.0
other,other,Seller refurbished,647.5
lg,other,Undefined,97.3
lenovo,black,Used,550.0
other,other,New,134.9
samsung,other,New,196.5
other,other,Used,478.5
other,other,New,74.6
other,other,Used,10.85
other,other,Used,314.0
other,other,Very Good - Refurbished,283.8
other,other,New,47.47
lenovo,black,Used,510.0
other,other,New,406.0
other,other,Used,238.4
other,other,Seller refurbished,355.2
other,other,New,163.1
lenovo,other,Used,576.5
other,other,Excellent - Refurbished,588.0
other,other,Undefined,64.6
asus,other,New,141.9
dell,other,Used,493.5
lg,other,New,99.75
other,other,New,51.06
other,other,New,70.6
dell,other,Used,352.5
other,black,Seller refurbished,369.5
dell,black,Used,290.5
other,other,New,81.44
dell,other,Used,488.0
dell,silver,Used,260.0
hp,black,Used,40.0
hp,other,Used,200.0
other,other,New,2372.0
dell,silver,New,300.0
other,black,New,2378.0
lenovo,blue,Undefined,270.0
lenovo,black,Very Good - Refurbished,450.0
dell,silver,Used,190.0
dell,black,Excellent - Refurbished,350.0
dell,black,Used,180.0
dell,black,Used,400.0
hp,black,For parts or not working,87.1
hp,multicolor,Used,45.0
dell,black,Used,89.0
dell,other,Good - Refurbished,124.0
dell,black,New,599.0
lenovo,other,Used,75.0
microsoft,multicolor,Open box,599.0
other,grey,Used,65.0
asus,black,Used,70.0
samsung,silver,Undefined,48.0
hp,silver,Used,525.0
lenovo,gray,Used,44.0
other,other,Good - Refurbished,439.0
lg,gray,Undefined,589.0
other,black,Undefined,370.0
lg,other,Used,375.0
lenovo,black,Used,139.0
other,other,Used,136.0
lenovo,blue,Certified - Refurbished,350.0
lenovo,black,Used,51.0
lenovo,other,Used,100.0
hp,black,New,1149.0
other,silver,Used,384.8
dell,pink,Used,159.8
hp,gray,Undefined,100.0
other,other,Used,158.0
other,other,Excellent - Refurbished,402.2
other,other,New,195.4
samsung,other,Undefined,117.0
lenovo,other,Seller refurbished,527.0
other,black,Seller refurbished,577.5
dell,other,Used,335.5
other,other,Undefined,97.75
dell,other,Used,539.0
other,other,New,41.88
other,black,Used,420.5
lenovo,other,Used,520.5
dell,black,For parts or not working,97.2
auo,other,New,74.75
other,other,Used,1090.0
other,other,New,111.4
lenovo,other,Seller refurbished,341.0
other,other,Undefined,127.75
other,black,Seller refurbished,2146.0
dell,black,For parts or not working,97.2
other,other,New,128.6
other,other,New,510.2
samsung,other,New,117.0
other,other,Used,442.2
other,other,Seller refurbished,463.2
auo,other,New,131.9
other,black,Used,580.0
lenovo,other,Used,405.0
other,other,New,100.3
other,other,Undefined,128.6
other,other,Undefined,80.5
lenovo,black,Used,673.5
other,other,New,159.2
lg,other,New,92.94
other,other,New,36.9
other,other,Used,508.5
other,black,Seller refurbished,316.2
other,other,Used,10.85
other,other,Used,18.11
lenovo,other,Good - Refurbished,120.3
dell,other,Used,422.8
other,gray,Used,323.2
microsoft,other,Seller refurbished,1044.0
other,other,New,361.2
other,other,Seller refurbished,808.5
other,other,New,91.0
other,other,New,129.0
auo,other,New,69.6
other,black,Undefined,319.0
other,other,For parts or not working,21.7
other,black,Seller refurbished,291.2
samsung,other,New,103.44
lg,other,New,92.5
hp,other,New,91.44
dell,black,Used,366.8
other,other,Excellent - Refurbished,395.0
other,other,New,134.6
other,black,Seller refurbished,375.8
other,black,Seller refurbished,197.2
other,black,Seller refurbished,339.0
dell,black,Used,371.0
other,other,Seller refurbished,733.0
lenovo,other,Used,565.0
other,other,New,69.44
other,other,Undefined,92.0
dell,other,Used,296.2
other,other,New,109.25
dell,other,Used,604.5
other,other,New,3098.0
other,other,New,116.06
other,other,New,46.53
other,other,Seller refurbished,1128.0
other,other,Seller refurbished,2182.0
samsung,other,New,94.9
other,other,New,111.94
other,black,New,2574.0
dell,other,New,105.0
other,other,Used,376.2
dell,black,Used,1121.0
other,other,New,52.75
other,other,New,135.4
other,other,Used,510.0
other,other,Undefined,133.2
other,other,Used,369.5
other,other,Used,364.0
other,other,New,107.8
other,other,Seller refurbished,209.8
other,other,New,127.8
other,other,New,129.8
other,other,For parts or not working,21.88
other,other,Used,327.0
other,other,Used,419.2
other,gray,Used,332.2
other,other,New,87.0
other,other,New,37.88
dell,other,Used,293.0
other,other,Undefined,285.2
auo,other,New,113.0
samsung,other,New,137.9
other,other,Seller refurbished,536.5
other,other,Seller refurbished,540.5
other,other,New,44.8
asus,other,New,107.0
hp,other,New,60.84
other,other,New,104.75
dell,other,Seller refurbished,346.5
other,other,Good - Refurbished,334.8
dell,other,Used,405.2
samsung,other,New,91.56
samsung,other,New,113.9
other,other,New,112.3
dell,other,Used,334.8
other,other,Good - Refurbished,340.2
other,other,Used,450.2
other,other,Used,1737.0
other,other,New,263.8
dell,other,Seller refurbished,469.5
dell,other,Used,410.8
auo,other,New,95.4
other,other,Seller refurbished,411.0
other,other,Used,322.0
lenovo,other,Seller refurbished,420.8
other,other,New,92.5
lenovo,multicolor,Used,665.0
other,other,New,77.06
other,other,Used,588.5
other,black,Used,827.0
dell,black,Used,1047.0
other,other,New,190.6
dell,black,Used,815.0
other,other,New,134.5
dell,other,Used,320.2
other,black,Seller refurbished,182.6
other,other,Seller refurbished,772.0
other,other,Seller refurbished,577.5
other,other,Seller refurbished,507.8
other,other,Seller refurbished,526.5
lenovo,other,Used,490.0
other,other,Used,377.8
other,other,Used,411.5
other,other,Seller refurbished,841.5
other,other,Used,29.3
other,other,New,374.8
lg,other,New,92.6
other,other,Undefined,141.9
other,other,Used,646.5
other,other,New,472.5
hp,other,New,91.0
lg,other,New,70.5
dell,other,Used,362.5
other,other,New,103.25
other,other,Seller refurbished,2326.0
other,other,New,160.4
other,other,Used,10.9
lenovo,other,Used,489.0
other,black,Seller refurbished,275.5
dell,other,Used,432.5
other,other,Used,456.2
other,other,Undefined,103.56
dell,other,Used,335.8
other,other,Undefined,164.4
auo,other,New,91.9
auo,other,New,91.3
dell,black,Used,424.8
other,other,New,316.0
dell,other,Used,423.5
other,other,Good - Refurbished,234.0
other,other,Used,753.5
other,black,Seller refurbished,2096.0
lenovo,other,Used,377.8
other,other,Used,419.8
other,other,Used,401.0
dell,other,Used,320.2
other,other,Used,371.0
dell,other,Used,442.5
other,other,Used,365.0
lg,other,New,97.06
other,other,New,101.9
samsung,other,New,112.8
other,other,New,95.25
other,other,Used,508.5
dell,other,For parts or not working,67.3
other,other,For parts or not working,33.5
other,other,New,78.9
dell,other,Used,422.8
lg,other,New,125.06
other,black,Seller refurbished,232.2
other,other,Used,215.9
other,other,Seller refurbished,457.2
other,other,Undefined,128.5
other,other,Used,640.5
other,other,Undefined,45.28
other,other,Used,21.7
other,other,New,127.94
other,other,For parts or not working,236.0
other,other,Certified - Refurbished,511.5
dell,other,Used,510.0
other,other,Used,279.0
other,other,New,3356.0
other,other,Seller refurbished,1019.5
acer,other,New,81.2
lg,other,New,110.8
other,other,Seller refurbished,2680.0
dell,other,Seller refurbished,1363.0
other,other,Seller refurbished,2326.0
dell,black,Used,106.25
other,other,New,131.0
auo,other,New,60.84
dell,other,Used,182.6
other,other,New,117.3
auo,other,New,99.5
asus,other,For parts or not working,22.22
other,other,Used,302.2
lenovo,other,Used,340.8
samsung,other,New,91.7
other,other,New,162.6
other,other,Undefined,59.4
other,other,Good - Refurbished,322.0
dell,other,Used,539.0
lg,other,New,95.94
dell,other,Seller refurbished,373.8
other,other,New,124.1
other,other,New,97.5
other,other,New,84.1
other,other,New,67.06
other,other,Used,330.5
other,other,Used,711.0
other,other,New,35.2
other,other,Used,341.8
lg,other,New,90.2
other,other,New,28.44
other,other,New,92.7
other,other,New,50.75
dell,other,Used,470.5
dell,other,Used,280.0
other,other,Used,262.2
lenovo,other,Used,650.5
other,other,Seller refurbished,568.0
other,other,New,99.0
other,other,Used,863.5
dell,other,Used,331.0
other,other,New,232.1
other,black,Seller refurbished,266.2
other,other,New,47.1
other,other,Very Good - Refurbished,425.2
auo,other,New,81.6
other,other,Seller refurbished,932.5
other,other,Used,135.8
other,other,Seller refurbished,1002.5
lenovo,other,Used,533.5
dell,other,Used,303.8
other,other,Good - Refurbished,273.5
other,other,Seller refurbished,245.5
lenovo,black,Used,743.0
other,other,Used,280.2
other,other,Seller refurbished,724.5
other,other,New,151.9
other,black,Seller refurbished,463.5
other,other,Used,391.5
other,other,Seller refurbished,264.2
other,other,New,93.0
lenovo,gray,Used,726.0
other,other,New,59.28
other,other,New,90.06
other,other,Used,413.2
other,other,Seller refurbished,571.5
other,other,Seller refurbished,921.0
other,other,Seller refurbished,531.0
other,other,Seller refurbished,432.2
other,other,New,134.5
dell,black,Used,442.0
other,black,New,2280.0
dell,black,Used,1014.5
lenovo,black,Used,602.0
other,other,Seller refurbished,414.8
other,other,New,60.84
other,other,New,124.9
other,black,Seller refurbished,372.5
other,other,New,315.2
lenovo,black,Used,751.0
other,other,Seller refurbished,542.0
other,other,Seller refurbished,517.0
other,other,Seller refurbished,607.0
lenovo,other,Used,465.5
lenovo,black,Used,772.5
other,other,Undefined,168.1
dell,black,Used,462.8
other,other,Used,856.5
other,other,Used,805.5
other,other,Undefined,525.0
dell,other,Used,401.8
lenovo,other,Used,465.5
other,black,Seller refurbished,328.8
other,other,New,89.8
other,other,New,112.3
samsung,other,New,127.8
other,other,New,42.2
dell,other,Used,444.5
other,other,New,93.94
lenovo,other,Used,656.5
other,other,Used,334.0
other,other,New,205.1
other,other,New,141.5
other,other,Seller refurbished,707.5
other,other,Used,336.2
dell,black,For parts or not working,129.6
other,other,Undefined,58.97
dell,other,Seller refurbished,334.5
lg,other,New,94.0
lenovo,other,Used,323.0
dell,other,Used,280.0
hp,other,New,119.06
other,other,For parts or not working,22.0
lg,other,New,90.44
dell,other,Used,499.0
other,other,New,87.56
other,other,New,49.62
other,other,Undefined,82.2
auo,other,New,69.25
dell,other,Used,463.2
lg,other,New,95.3
lenovo,other,Used,427.2
other,other,New,104.6
other,other,Used,264.2
auo,other,New,75.2
other,other,Undefined,205.2
auo,other,New,61.12
dell,black,Used,451.5
dell,other,Used,339.8
acer,other,For parts or not working,27.77
other,other,Used,329.8
dell,other,Seller refurbished,469.0
other,other,Used,206.1
other,other,Good - Refurbished,258.2
dell,other,Used,444.5
lenovo,black,Used,636.5
other,other,Seller refurbished,226.9
other,other,Seller refurbished,628.0
lenovo,black,Undefined,584.5
other,other,Used,157.2
other,other,Undefined,105.0
other,black,Seller refurbished,341.5
other,other,Seller refurbished,523.5
other,other,New,475.8
other,other,Undefined,50.78
lenovo,black,Used,462.8
dell,other,Used,335.8
other,other,Seller refurbished,541.0
other,black,Used,473.8
other,other,New,100.0
lg,other,New,69.75
other,black,Seller refurbished,303.8
other,other,New,463.5
other,other,Seller refurbished,818.0
lenovo,other,Used,433.5
dell,other,Used,437.2
dell,black,Used,424.8
lg,other,New,93.44
dell,other,Used,423.5
other,black,Seller refurbished,355.0
lg,other,New,132.8
other,other,New,133.1
auo,other,New,74.56
lenovo,other,Used,454.0
other,other,New,131.6
other,other,New,109.9
other,other,New,71.25
dell,other,Used,427.0
other,other,Used,405.2
other,black,Used,564.5
other,other,Undefined,86.3
other,other,Used,346.2
other,black,Used,397.8
auo,other,New,71.44
lg,other,New,127.8
dell,other,Used,345.2
dell,other,Used,422.8
dell,other,New,72.0
other,black,Seller refurbished,591.0
other,other,New,86.75
other,other,Used,445.8
other,black,Seller refurbished,633.0
other,other,New,314.8
other,other,Seller refurbished,278.8
lenovo,black,Used,519.5
other,other,Seller refurbished,396.0
other,other,Seller refurbished,552.5
other,other,Used,10.85
other,gray,Used,412.0
other,other,Seller refurbished,458.8
lenovo,other,Used,497.2
dell,other,Seller refurbished,321.2
other,other,Seller refurbished,512.5
lenovo,black,Used,458.0
dell,gray,Used,462.8
dell,black,Used,378.5
other,other,New,378.5
other,other,Used,466.8
other,other,Used,204.5
dell,black,Used,379.2
other,other,Used,487.2
lenovo,gray,Used,538.5
other,other,Seller refurbished,2326.0
other,other,Used,571.5
other,other,New,90.75
lenovo,other,Undefined,453.8
other,other,Used,453.8
lenovo,black,Used,590.0
dell,black,Used,110.0
lenovo,black,Used,458.0
dell,black,Used,284.8
other,other,New,265.8
other,other,New,317.8
other,other,New,110.0
lenovo,other,Used,578.0
lenovo,black,Used,619.0
other,other,Undefined,121.6
other,other,New,78.1
other,other,Good - Refurbished,282.5
dell,other,Used,299.8
dell,black,Used,377.2
dell,black,Used,414.2
dell,other,Used,534.0
lenovo,black,Used,200.0
dell,silver,Used,775.5
other,other,Used,11.94
other,other,Seller refurbished,216.0
other,other,New,123.5
lenovo,other,Used,442.8
lenovo,black,Used,519.0
other,other,New,112.44
lg,other,Undefined,92.6
other,other,Used,304.5
dell,other,Used,282.8
lg,other,New,92.9
dell,other,Used,494.2
acer,other,For parts or not working,21.88
other,other,New,140.2
other,other,Undefined,163.5
lenovo,gray,Used,624.0
other,other,Used,473.8
other,other,Used,470.5
other,other,Seller refurbished,358.5
dell,other,Used,281.2
other,other,New,57.88
other,other,Very Good - Refurbished,319.0
acer,other,New,64.9
lenovo,gray,Used,565.0
other,other,Used,1717.0
other,other,Seller refurbished,960.0
acer,other,For parts or not working,21.64
other,other,Seller refurbished,996.5
dell,other,Used,390.0
other,other,Good - Refurbished,389.0
other,black,Used,307.0
dell,other,Used,396.8
auo,other,New,95.56
lenovo,other,Used,188.8
auo,other,New,114.5
other,other,Seller refurbished,242.5
other,other,Undefined,650.5
other,other,New,324.5
other,other,Seller refurbished,1758.0
other,other,Seller refurbished,394.8
other,other,New,161.9
other,other,Seller refurbished,461.8
other,other,Seller refurbished,506.8
dell,other,Used,80.0
acer,silver,Open box,60.0
samsung,black,Used,47.0
microsoft,other,Used,107.56
lenovo,black,Used,100.0
lenovo,black,Used,99.94
dell,other,Used,450.0
microsoft,silver,Used,175.0
other,other,Used,593.0
dell,black,Used,140.0
microsoft,other,For parts or not working,69.6
dell,black,Excellent - Refurbished,335.0
dell,other,Used,79.0
hp,other,For parts or not working,39.97
hp,grey,Used,49.0
dell,other,Used,73.0
dell,silver,Used,149.0
other,black,New,2378.0
dell,other,For parts or not working,22.55
lenovo,black,New,500.0
asus,black,Used,70.0
lg,black,Undefined,990.0
acer,gray,Used,230.0
acer,other,Used,118.1
lenovo,gray,Used,320.0
dell,other,Used,75.0
other,other,Used,100.0
hp,other,Used,75.0
other,other,Good - Refurbished,164.5
dell,gray,Undefined,350.0
dell,other,Used,399.0
hp,gray,Used,100.0
hp,silver,Undefined,200.0
dell,black,Used,115.0
dell,black,Used,399.0
microsoft,silver,Used,93.0
dell,other,For parts or not working,16.3
hp,black,Used,180.0
dell,gray,For parts or not working,70.0
microsoft,other,Very Good - Refurbished,725.0
dell,black,Used,29.89
acer,gray,Undefined,38.0
hp,other,Used,184.1
hp,purple,Used,157.8
other,other,Used,396.0
lenovo,other,New,74.3
asus,other,New,74.44
lg,other,New,109.9
other,other,Seller refurbished,574.5
auo,other,New,89.8
samsung,other,New,135.5
acer,other,For parts or not working,22.22
other,other,New,20.44
other,other,Used,204.5
lenovo,other,Used,376.0
other,other,Undefined,104.7
auo,other,New,93.9
dell,other,Used,433.0
other,other,New,254.2
samsung,other,Undefined,59.2
other,other,Used,184.5
other,gray,New,225.0
lenovo,other,Used,419.5
dell,other,Seller refurbished,334.0
other,other,New,56.56
other,other,Undefined,105.44
samsung,other,New,114.5
other,other,New,101.94
other,other,New,91.9
dell,other,Used,314.5
other,other,Undefined,107.6
other,black,Seller refurbished,2680.0
samsung,other,New,89.8
dell,black,Used,462.8
other,other,New,85.4
dell,other,Used,414.8
other,other,Seller refurbished,1533.0
other,other,Used,770.5
dell,other,Seller refurbished,580.5
dell,black,Used,339.5
other,other,Undefined,82.8
other,black,Seller refurbished,247.4
other,other,Used,548.5
other,black,Seller refurbished,494.8
other,other,Seller refurbished,511.2
other,other,Seller refurbished,227.8
dell,black,Used,511.8
other,other,New,113.6
other,other,Seller refurbished,375.8
lenovo,other,Used,483.0
other,other,New,43.25
other,other,Seller refurbished,778.5
other,other,Undefined,440.2
other,other,Used,429.0
dell,other,Used,444.2
other,other,Used,537.5
auo,other,New,115.7
lenovo,black,Used,572.0
lenovo,black,Used,571.0
other,other,Seller refurbished,777.5
dell,black,Used,377.2
other,other,New,589.0
other,black,New,225.0
other,other,Used,274.5
other,other,Used,442.8
other,other,Used,514.5
other,other,For parts or not working,21.88
other,black,Seller refurbished,536.5
lenovo,gray,Used,829.5
other,other,Seller refurbished,739.5
other,other,Used,158.6
dell,other,Used,370.5
other,other,Seller refurbished,842.5
other,other,New,203.0
other,other,Seller refurbished,968.0
other,other,New,203.1
other,other,Seller refurbished,1093.0
samsung,other,Undefined,114.5
dell,black,Used,545.0
other,other,Used,198.6
other,black,Seller refurbished,339.0
other,other,Used,360.5
other,black,Seller refurbished,593.0
other,other,Seller refurbished,303.8
lenovo,black,Used,613.5
other,black,Used,406.0
other,other,Used,371.8
other,other,Seller refurbished,559.0
other,other,New,766.5
dell,black,Used,313.8
dell,black,Used,451.5
other,other,Seller refurbished,335.8
other,other,Seller refurbished,463.5
dell,other,Used,641.5
other,other,Used,436.0
other,other,Seller refurbished,633.0
other,other,New,117.06
lenovo,other,Used,580.5
other,other,Seller refurbished,645.5
other,other,Seller refurbished,1666.0
other,other,Used,820.5
other,other,Used,845.5
other,other,Used,182.2
dell,other,Seller refurbished,439.0
other,other,Seller refurbished,341.5
other,other,Used,896.0
other,other,Undefined,98.4
other,other,Seller refurbished,1748.0
other,other,New,66.56
dell,black,Used,380.2
other,other,New,3860.0
other,silver,New,289.0
samsung,silver,Used,48.0
microsoft,other,Used,56.94
dell,black,Used,93.0
microsoft,silver,New,699.0
dell,black,Used,235.0
dell,black,Used,188.0
lenovo,black,Used,52.0
other,other,Used,152.2
hp,other,Used,55.0
lenovo,black,Used,420.0
samsung,black,Used,40.47
dell,silver,Used,89.0
hp,blue,Open box,100.0
hp,silver,Used,172.0
lenovo,black,Very Good - Refurbished,268.0
microsoft,silver,Used,259.8
dell,gray,Used,879.0
other,black,New,919.0
hp,silver,Open box,450.0
lenovo,gray,Used,60.0
dell,black,Used,885.0
dell,other,Open box,629.0
dell,black,Used,140.0
lenovo,black,Used,145.0
dell,other,Used,323.0
lenovo,black,Open box,210.0
hp,other,For parts or not working,120.0
dell,black,Excellent - Refurbished,240.0
dell,other,Used,190.8
lenovo,black,Used,230.0
lenovo,beige,Used,215.0
acer,other,Used,79.1
dell,black,New,599.0
other,black,New,320.0
hp,silver,Used,226.5
dell,other,Excellent - Refurbished,599.0
acer,other,Used,105.06
dell,black,For parts or not working,31.95
dell,silver,Used,75.0
lenovo,black,Used,189.0
dell,other,Very Good - Refurbished,180.5
lenovo,other,Good - Refurbished,198.0
hp,other,Undefined,686.0
lenovo,other,Used,164.2
acer,silver,Undefined,249.0
hp,gray,Used,50.0
hp,other,Used,48.0
acer,silver,Used,190.0
dell,other,Used,100.0
samsung,silver,Undefined,150.0
samsung,black,For parts or not working,20.97
lenovo,other,Used,198.0
dell,black,Very Good - Refurbished,1330.0
dell,black,Excellent - Refurbished,1050.0
lenovo,black,Undefined,135.9
dell,black,Used,140.0
other,other,Used,110.0
lenovo,other,Used,144.5
hp,other,Undefined,329.2
hp,silver,Used,153.0
dell,black,Undefined,399.0
dell,black,New,899.0
microsoft,black,Used,510.0
lenovo,black,Excellent - Refurbished,420.0
hp,other,Used,115.6
dell,other,Used,97.7
dell,black,Used,160.0
dell,black,Undefined,400.0
hp,silver,Undefined,399.0
acer,black,New,629.0
hp,silver,Excellent - Refurbished,839.5
dell,black,Used,130.0
lenovo,silver,Undefined,550.0
dell,gray,Used,350.0
hp,other,Used,85.0
other,other,Used,139.5
microsoft,other,Used,120.0
samsung,silver,Used,29.0
acer,black,Used,58.0
hp,silver,Undefined,548.0
hp,silver,Used,525.0
lenovo,grey,New,338.8
lenovo,black,Used,300.0
hp,pink,Used,167.8
microsoft,silver,Used,150.0
lenovo,black,Used,190.0
dell,black,Good - Refurbished,330.0
other,gray,Used,40.0
other,other,Used,77.0
acer,other,Used,37.0
dell,silver,Used,650.0
hp,other,Used,88.94
lenovo,black,Used,35.0
hp,other,Used,65.94
samsung,black,Used,53.0
dell,black,Undefined,10.99
hp,black,Used,37.94
lenovo,black,Used,125.0
dell,silver,Open box,325.0
lenovo,gray,Open box,616.5
dell,other,Good - Refurbished,95.0
dell,black,Excellent - Refurbished,280.0
hp,other,Undefined,184.1
samsung,silver,Undefined,25.9
dell,black,Excellent - Refurbished,240.0
dell,other,Used,97.0
hp,silver,New,780.0
asus,silver,New,699.0
lenovo,black,Undefined,16.0
dell,other,Good - Refurbished,119.0
dell,other,Used,190.0
other,other,Undefined,80.0
samsung,red,Used,350.0
hp,other,Used,89.0
hp,black,Used,45.88
lenovo,other,Used,109.0
other,other,Very Good - Refurbished,216.5
dell,black,Used,170.9
lenovo,blue,Undefined,190.0
lenovo,black,Very Good - Refurbished,339.0
acer,black,New,629.0
dell,black,New,300.0
asus,other,Used,130.0
dell,other,Very Good - Refurbished,131.2
other,black,Undefined,140.0
dell,black,Very Good - Refurbished,307.0
hp,black,Very Good - Refurbished,299.0
dell,silver,New,825.0
dell,black,Used,449.0
dell,other,Used,95.0
hp,silver,Very Good - Refurbished,198.0
dell,other,For parts or not working,49.94
dell,black,Good - Refurbished,135.0
lenovo,black,Used,299.0
dell,black,Used,363.0
dell,black,Used,200.0
dell,other,Used,140.0
dell,black,Good - Refurbished,297.0
lenovo,black,Very Good - Refurbished,282.0
lenovo,black,Good - Refurbished,225.0
hp,other,New,800.0
dell,black,Used,245.0
lenovo,black,Very Good - Refurbished,585.0
dell,other,Very Good - Refurbished,170.0
hp,other,Used,494.2
dell,black,Used,400.0
hp,silver,New,439.0
dell,black,Undefined,479.0
dell,black,Used,33.94
other,black,Used,250.0
dell,silver,Used,388.0
dell,other,New,410.0
other,white,Undefined,499.0
other,gray,New,300.0
hp,multicolor,Used,85.0
other,other,Used,461.2
hp,white,Used,110.94
dell,other,Used,56.0
hp,silver,Used,135.0
dell,other,Used,464.5
other,other,Excellent - Refurbished,195.6
lenovo,black,Used,170.0
other,other,Used,290.0
hp,other,Used,395.0
hp,gray,Used,49.94
other,other,For parts or not working,84.5
dell,black,New,930.0
dell,black,Very Good - Refurbished,171.0
lenovo,black,Used,35.0
hp,black,Certified - Refurbished,949.5
dell,other,Excellent - Refurbished,330.0
microsoft,black,Very Good - Refurbished,900.0
dell,black,Used,329.5
samsung,silver,Undefined,159.0
other,other,New,5.55
hp,silver,New,330.0
other,other,For parts or not working,32.53
dell,black,Used,225.0
lenovo,black,Used,200.0
lenovo,gray,Open box,616.5
other,gray,New,324.0
other,other,Used,162.0
lenovo,black,Used,154.0
hp,silver,Undefined,380.0
dell,multicolor,Used,80.0
dell,silver,Used,800.0
hp,silver,Undefined,170.0
dell,other,Used,245.0
lenovo,other,Used,39.94
hp,black,Used,58.0
lenovo,gray,Undefined,780.0
lenovo,black,Used,400.0
hp,black,Used,35.0
dell,black,Used,300.0
hp,silver,Undefined,139.0
dell,other,Excellent - Refurbished,400.0
hp,other,Very Good - Refurbished,239.5
other,other,Used,169.0
dell,black,Used,189.0
dell,black,Very Good - Refurbished,358.0
dell,black,Very Good - Refurbished,290.0
dell,black,Very Good - Refurbished,326.0
lenovo,other,Excellent - Refurbished,200.0
lenovo,blue,New,289.0
lenovo,black,Excellent - Refurbished,280.0
hp,silver,For parts or not working,180.0
dell,black,Used,49.5
dell,black,Very Good - Refurbished,325.0
microsoft,other,Undefined,388.8
lenovo,blue,Open box,594.5
dell,black,Very Good - Refurbished,325.0
other,gray,New,160.0
dell,black,Used,130.0
dell,black,Used,185.0
lenovo,black,Used,199.0
dell,silver,Certified - Refurbished,729.0
lenovo,black,Undefined,160.0
microsoft,silver,Undefined,230.0
lenovo,other,Good - Refurbished,62.5
dell,black,Very Good - Refurbished,325.0
lenovo,black,Used,48.0
hp,silver,Undefined,550.0
lenovo,other,Very Good - Refurbished,151.1
lenovo,black,For parts or not working,230.0
other,other,Used,151.8
hp,gray,Used,150.0
dell,black,Used,225.0
other,gray,New,202.5
hp,other,Used,62.0
dell,silver,Undefined,700.0
other,other,Used,230.0
lenovo,gray,Undefined,900.0
acer,silver,Undefined,53.0
other,other,Used,177.1
hp,other,For parts or not working,200.0
dell,black,Very Good - Refurbished,430.0
hp,other,Good - Refurbished,75.0
microsoft,other,Used,90.0
dell,other,Used,599.0
other,other,Undefined,525.0
asus,blue,Undefined,495.0
lenovo,black,Used,100.0
acer,black,Undefined,650.0
hp,silver,Very Good - Refurbished,365.0
dell,black,Very Good - Refurbished,455.0
dell,other,Very Good - Refurbished,210.5
microsoft,other,Used,400.0
other,black,New,362.5
dell,other,For parts or not working,36.88
dell,silver,Good - Refurbished,749.0
dell,black,Used,200.0
asus,other,Used,254.0
samsung,multicolor,Undefined,90.0
other,other,New,169.0
dell,gray,Used,40.0
other,other,Used,151.1
lenovo,black,Used,209.0
dell,silver,Used,124.9
dell,other,Good - Refurbished,89.9
lenovo,other,Used,219.0
other,other,Undefined,216.4
lenovo,gray,Undefined,700.0
samsung,silver,Used,28.16
hp,silver,New,699.0
other,other,Used,760.0
other,silver,Used,349.0
samsung,silver,Open box,264.0
lenovo,gray,Used,335.0
lenovo,black,New,379.0
other,other,Used,170.5
hp,silver,Used,135.0
lenovo,gray,Undefined,65.0
hp,silver,New,736.0
other,other,Used,685.0
other,other,For parts or not working,10.49
other,blue,Used,333.2
other,black,Used,250.0
dell,other,Excellent - Refurbished,689.0
hp,silver,Open box,350.0
dell,other,Used,120.9
lenovo,black,Used,149.0
hp,gray,Used,39.0
lenovo,black,Used,98.0
other,gray,New,193.0
other,other,Used,200.0
hp,silver,Used,645.0
dell,black,Used,440.0
microsoft,silver,Open box,563.0
lenovo,blue,Used,150.0
lenovo,other,Very Good - Refurbished,160.0
lenovo,gray,Undefined,259.0
other,silver,New,695.0
hp,other,Used,170.0
hp,silver,Good - Refurbished,265.5
lenovo,black,Used,249.0
lenovo,other,Excellent - Refurbished,380.0
other,green,Used,350.0
hp,other,Used,908.5
dell,black,Undefined,329.0
dell,black,Very Good - Refurbished,200.0
asus,blue,Open box,159.0
lenovo,blue,Undefined,220.0
dell,other,Used,75.0
dell,gray,Undefined,599.0
microsoft,brown,Undefined,529.0
asus,other,For parts or not working,275.0
dell,other,Excellent - Refurbished,679.0
dell,gray,Used,140.0
hp,silver,Very Good - Refurbished,495.0
dell,black,Undefined,110.0
lenovo,black,Undefined,45.0
hp,green,Certified - Refurbished,389.5
other,black,Used,893.0
microsoft,silver,Undefined,680.0
lenovo,blue,Open box,129.0
lenovo,other,Used,234.9
dell,other,Used,99.94
other,other,Used,100.0
dell,black,Used,265.0
lenovo,grey,New,330.0
lenovo,other,Used,164.2
lenovo,gray,Very Good - Refurbished,79.0
lenovo,other,Used,99.0
other,black,New,3900.0
lenovo,other,Used,229.0
lenovo,other,Very Good - Refurbished,197.2
other,other,Very Good - Refurbished,263.2
other,other,Good - Refurbished,113.9
lenovo,other,Very Good - Refurbished,160.0
other,other,Used,348.0
other,other,Very Good - Refurbished,130.5
other,other,Undefined,598.0
hp,other,Used,303.8
other,gray,New,400.0
other,other,Undefined,310.0
other,other,Used,119.6
other,silver,Used,130.0
other,other,Used,160.2
hp,gray,Used,130.0
other,other,Used,170.9
other,other,Used,94.94
other,other,Used,56.94
dell,other,New,599.0
lenovo,black,Used,80.0
hp,black,Used,1200.0
samsung,red,Used,350.0
dell,black,New,339.0
microsoft,silver,Used,175.0
dell,blue,Undefined,875.0
dell,black,Used,360.0
dell,other,For parts or not working,29.0
acer,other,Used,103.3
acer,silver,New,240.0
dell,other,New,2088.0
dell,black,Used,139.0
hp,gold,New,559.0
hp,gray,Good - Refurbished,380.0
lenovo,silver,Used,50.0
acer,other,Used,105.06
lenovo,black,Used,175.0
dell,black,Used,200.0
other,other,Undefined,75.75
hp,silver,Used,285.0
microsoft,black,Used,520.0
acer,other,Used,79.1
dell,other,Very Good - Refurbished,230.2
lenovo,black,Used,239.0
hp,silver,Used,153.0
dell,black,Used,140.0
dell,black,Used,160.0
lenovo,other,Good - Refurbished,198.0
hp,other,Open box,500.0
dell,other,Used,200.0
dell,black,For parts or not working,70.0
hp,silver,New,599.0
dell,black,Used,200.0
dell,silver,Excellent - Refurbished,1800.0
dell,other,Used,50.0
hp,blue,Undefined,180.0
other,other,New,119.0
lenovo,gray,Undefined,199.9
other,other,Very Good - Refurbished,916.0
dell,other,Used,49.0
lenovo,black,Undefined,1010.0
microsoft,silver,Undefined,119.94
other,other,Used,760.0
lenovo,black,For parts or not working,169.9
lenovo,black,Very Good - Refurbished,199.0
hp,silver,New,360.0
hp,other,Used,199.0
dell,black,Very Good - Refurbished,362.0
other,other,Used,544.0
lenovo,black,Used,149.0
lenovo,black,Undefined,140.0
asus,black,Used,380.0
hp,gray,Used,39.0
dell,black,Very Good - Refurbished,205.0
hp,other,Used,170.0
dell,silver,New,825.0
dell,black,Used,449.0
hp,silver,Very Good - Refurbished,198.0
dell,black,Good - Refurbished,135.0
hp,silver,Good - Refurbished,265.5
lenovo,black,Used,299.0
dell,black,Good - Refurbished,297.0
dell,black,Used,363.0
other,other,For parts or not working,50.0
lenovo,black,Very Good - Refurbished,585.0
dell,black,Used,150.0
hp,black,Excellent - Refurbished,350.0
hp,silver,Used,199.0
lenovo,other,Good - Refurbished,184.5
dell,black,Used,45.0
hp,silver,Undefined,680.0
other,multicolor,Used,50.0
lenovo,gray,Undefined,450.0
other,other,Used,326.2
acer,other,Used,89.94
dell,other,Used,137.0
lenovo,gray,Undefined,280.0
other,other,Used,208.8
dell,silver,Used,175.0
lenovo,black,Used,42.0
lenovo,silver,Used,123.0
dell,other,Used,100.0
dell,silver,Used,135.0
hp,white,Undefined,88.0
dell,other,New,160.0
dell,black,Used,68.0
hp,silver,Undefined,355.0
dell,black,New,999.0
lenovo,other,New,300.0
dell,black,For parts or not working,29.98
other,other,Used,380.8
other,other,Undefined,165.0
lenovo,gray,Undefined,535.0
lenovo,other,Used,24.98
hp,black,Used,50.0
lenovo,gray,Used,600.0
dell,black,Open box,980.0
lenovo,black,Used,180.0
hp,silver,Used,40.0
other,other,New,199.0
hp,silver,Used,199.9
other,black,Excellent - Refurbished,350.0
other,black,Undefined,550.0
lenovo,black,Good - Refurbished,69.0
dell,other,Used,250.0
dell,other,Used,169.0
lenovo,black,Used,100.0
hp,silver,Certified - Refurbished,629.5
dell,grey,Very Good - Refurbished,200.0
hp,black,Used,147.0
lenovo,other,Used,164.2
lenovo,black,Used,844.0
dell,black,Used,170.0
other,other,Used,135.0
hp,other,Used,580.0
lenovo,gray,Certified - Refurbished,200.0
hp,silver,Open box,377.5
dell,silver,Used,135.0
lenovo,black,Undefined,260.0
dell,gray,Used,237.5
other,other,Used,216.4
other,other,Used,221.8
lenovo,black,Used,176.0
other,silver,New,835.0
dell,black,Used,175.0
acer,other,Used,200.0
hp,blue,Undefined,15.88
dell,other,Used,263.2
microsoft,other,Used,478.5
acer,black,Used,55.0
acer,gray,Undefined,230.0
dell,gray,Excellent - Refurbished,800.0
lenovo,other,Used,176.0
dell,black,Undefined,75.0
dell,other,Used,140.0
other,other,For parts or not working,147.6
dell,other,Used,200.0
hp,silver,New,398.0
other,other,Very Good - Refurbished,164.2
lenovo,black,Used,50.0
lenovo,black,Used,145.0
asus,black,Used,172.0
lenovo,black,Used,190.0
lenovo,black,Excellent - Refurbished,66.5
hp,black,Excellent - Refurbished,950.0
hp,silver,Used,400.0
lenovo,black,Used,180.0
dell,other,Used,130.0
hp,silver,Used,300.0
hp,silver,Used,140.0
samsung,other,New,170.0
asus,other,Used,250.0
dell,other,Used,300.0
dell,black,Very Good - Refurbished,279.0
dell,other,Used,421.0
dell,silver,Used,475.0
lenovo,black,Used,58.0
hp,other,Very Good - Refurbished,276.5
lenovo,black,Used,39.94
dell,black,Used,155.0
other,other,Used,411.2
microsoft,other,Certified - Refurbished,469.0
hp,gray,New,650.0
other,other,Good - Refurbished,170.0
hp,white,Used,45.0
lenovo,black,Very Good - Refurbished,360.0
hp,silver,Used,250.0
other,black,Undefined,270.0
dell,black,Used,279.0
other,silver,New,198.0
asus,grey,New,200.0
lenovo,black,Used,51.0
dell,black,Excellent - Refurbished,1450.0
dell,other,Very Good - Refurbished,280.0
hp,yellow,Used,129.8
dell,orange,Used,159.8
hp,silver,New,330.0
lenovo,other,Open box,580.0
dell,other,New,168.6
dell,silver,Undefined,319.0
hp,silver,Excellent - Refurbished,570.0
dell,black,Used,41.0
dell,black,Used,141.0
dell,silver,New,960.0
hp,gray,Used,35.94
dell,black,Used,180.0
dell,other,Used,149.0
lenovo,black,Used,114.94
dell,other,Used,320.0
dell,other,Good - Refurbished,252.0
dell,other,Used,369.0
lenovo,other,Used,219.0
dell,black,For parts or not working,230.0
dell,gray,Good - Refurbished,220.0
lenovo,black,Very Good - Refurbished,370.0
dell,silver,Undefined,929.0
lenovo,other,Used,419.0
dell,black,Used,450.0
dell,other,Used,180.5
other,other,Used,467.8
lenovo,black,Used,200.0
lenovo,black,Used,130.0
lenovo,black,Undefined,300.0
microsoft,silver,Used,148.0
hp,black,Undefined,70.0
lenovo,black,Very Good - Refurbished,299.0
dell,black,Undefined,65.0
lenovo,multicolor,For parts or not working,87.0
lenovo,other,Used,82.44
other,other,Used,216.0
hp,gray,Used,99.94
lenovo,other,Good - Refurbished,184.5
lenovo,black,Used,225.0
lenovo,black,Undefined,37.0
dell,black,Used,290.0
other,other,New,438.0
samsung,gray,Undefined,400.0
dell,black,Used,170.9
hp,black,Used,250.0
lenovo,brown,Used,139.0
hp,black,Used,70.0
other,black,Undefined,540.0
hp,red,Undefined,170.0
lenovo,other,Used,189.0
dell,black,Undefined,100.0
lenovo,black,Used,55.0
hp,silver,Used,120.0
dell,silver,Used,89.0
lenovo,black,Used,204.0
other,silver,Used,253.1
other,gray,New,200.0
dell,black,Used,180.0
asus,blue,Undefined,520.0
acer,black,Very Good - Refurbished,60.0
acer,black,Undefined,60.0
dell,black,Undefined,159.0
samsung,silver,Undefined,89.94
dell,other,Used,118.0
hp,silver,Very Good - Refurbished,180.0
dell,black,Very Good - Refurbished,310.0
other,other,Used,126.0
lenovo,other,Undefined,727.5
other,other,Used,258.0
lg,gray,Undefined,649.0
hp,brown,Used,55.0
lenovo,black,Used,230.0
lenovo,black,Excellent - Refurbished,740.0
dell,other,Used,599.0
lenovo,black,Excellent - Refurbished,280.0
lenovo,gray,Undefined,655.0
other,gray,New,187.9
dell,other,Good - Refurbished,199.0
dell,multicolor,Good - Refurbished,95.0
dell,black,Used,150.0
hp,silver,New,370.0
dell,black,Used,80.0
lenovo,other,New,250.2
other,other,Used,177.1
acer,silver,New,399.0
hp,black,Used,59.94
hp,silver,Very Good - Refurbished,599.0
microsoft,platinum,Undefined,355.0
dell,black,Used,150.0
dell,black,Used,199.0
acer,black,Excellent - Refurbished,80.0
dell,black,Very Good - Refurbished,369.0
other,silver,Very Good - Refurbished,495.0
hp,black,Used,56.0
dell,gray,Used,284.0
hp,black,Used,120.0
dell,other,Very Good - Refurbished,280.0
lenovo,black,Used,105.0
other,multicolor,Used,380.0
dell,black,New,750.0
other,silver,New,300.0
samsung,silver,Used,50.0
dell,black,Undefined,98.0
other,other,Used,100.0
lenovo,other,Very Good - Refurbished,309.5
acer,black,Used,40.0
hp,black,Used,65.0
dell,black,Used,229.0
lenovo,black,Used,42.0
dell,black,Used,350.0
lenovo,other,New,660.0
dell,other,Very Good - Refurbished,368.0
other,other,Used,400.0
hp,other,Used,79.0
hp,black,Used,50.0
other,gray,Used,24.98
hp,gray,Used,200.0
dell,black,Undefined,230.0
lenovo,black,Open box,110.0
hp,other,Used,225.0
dell,black,Used,105.0
other,other,Used,80.0
acer,black,Used,35.0
dell,other,Used,170.9
hp,other,Used,48.47
lenovo,black,Used,85.0
samsung,black,Used,130.0
lenovo,other,Used,382.0
asus,blue,Undefined,349.0
hp,silver,Used,325.0
lenovo,black,Used,305.0
other,other,Open box,1414.0
dell,black,Used,103.4
lenovo,black,Used,299.0
lenovo,gray,Used,490.0
dell,gray,Used,234.5
dell,black,Used,480.0
other,other,Undefined,1413.0
lenovo,gray,Undefined,381.0
other,other,Used,139.5
acer,black,Used,72.0
dell,other,Used,307.2
dell,black,Used,300.0
other,other,For parts or not working,150.0
lenovo,black,Used,115.0
dell,black,Used,220.0
hp,silver,Undefined,281.0
dell,other,Used,307.2
lenovo,black,Used,51.0
hp,other,Used,89.0
acer,other,Used,199.0
dell,other,Used,129.0
dell,black,Used,56.0
other,other,Used,229.0
dell,black,Used,159.0
dell,black,Undefined,120.0
dell,other,Used,300.0
dell,other,Very Good - Refurbished,527.0
dell,gray,Used,549.0
hp,silver,Undefined,170.0
dell,black,Undefined,600.0
dell,black,Used,40.0
lenovo,other,Excellent - Refurbished,400.0
other,black,Used,276.2
hp,other,Used,107.56
other,silver,Used,300.0
microsoft,multicolor,Excellent - Refurbished,625.0
dell,silver,Used,469.0
dell,gray,Open box,229.6
asus,white,Used,27.98
lenovo,black,Used,155.0
dell,black,Used,160.0
dell,other,Used,80.0
dell,black,Used,280.0
dell,other,Used,260.0
dell,black,Undefined,399.0
microsoft,silver,Open box,799.0
asus,black,Used,90.0
acer,gray,Undefined,29.0
hp,black,Used,170.0
other,other,New,8.85
hp,black,Undefined,389.0
hp,other,Very Good - Refurbished,506.0
asus,black,Undefined,600.0
lenovo,black,Certified - Refurbished,320.5
other,other,New,11.38
acer,other,Used,199.0
dell,other,Used,286.8
lenovo,blue,Open box,550.0
samsung,silver,Used,99.0
dell,other,Used,125.0
other,other,For parts or not working,130.5
lenovo,other,Used,886.0
other,other,Used,173.0
lg,other,Used,675.0
dell,black,Used,90.0
dell,other,Very Good - Refurbished,126.5
other,other,Used,75.94
acer,black,Used,430.0
other,black,Used,650.0
lenovo,other,Used,126.56
hp,other,Used,283.8
lenovo,other,Certified - Refurbished,362.2
other,other,Used,50.62
other,black,Undefined,739.0
hp,other,Used,443.0
other,other,Used,34.8
acer,other,Used,506.2
other,other,Open box,519.5
lenovo,other,Excellent - Refurbished,400.0
lenovo,other,Undefined,151.8
hp,other,Used,239.1
other,other,Open box,1115.0
other,other,Used,54.38
other,other,Used,129.4
other,other,New,326.2
dell,other,Good - Refurbished,442.8
other,other,Very Good - Refurbished,872.0
dell,other,Used,300.2
lenovo,other,Used,246.8
dell,black,Used,20.0
dell,other,Used,340.0
samsung,black,Used,49.0
other,other,Used,163.1
other,other,New,456.8
other,silver,New,1035.0
dell,other,Used,300.0
dell,other,Used,258.5
other,other,Good - Refurbished,151.9
acer,gray,Used,54.0
other,other,Used,223.2
other,other,New,1087.0
asus,silver,For parts or not working,31.0
other,other,Used,108.75
other,silver,New,159.0
hp,other,Used,355.8
other,other,Used,187.2
hp,black,Used,8.99
other,other,Undefined,163.1
other,other,New,40.0
dell,other,Used,376.0
dell,gray,Open box,750.0
other,other,Used,130.5
acer,other,Used,49.5
other,other,Used,188.5
asus,other,New,3668.0
other,other,Certified - Refurbished,214.2
hp,other,Used,94.94
dell,other,Used,318.2
other,other,Used,761.5
other,other,Open box,934.0
hp,other,Used,593.5
hp,other,For parts or not working,227.8
acer,other,Used,63.25
other,other,Good - Refurbished,113.9
lenovo,other,Used,170.9
other,other,Used,443.0
lenovo,other,Used,67.5
dell,blue,Used,110.0
hp,purple,Used,50.0
dell,other,Used,109.94
dell,other,Used,150.0
hp,black,Used,114.94
lenovo,other,Used,139.2
lenovo,other,Used,50.0
dell,other,Used,99.0
asus,other,Used,229.0
dell,gray,Undefined,79.94
lenovo,gray,Used,179.5
dell,black,Used,44.97
lenovo,other,Very Good - Refurbished,400.0
hp,black,Open box,220.0
dell,other,Used,300.2
hp,other,New,300.0
lenovo,black,For parts or not working,45.0
dell,other,Used,150.0
acer,other,Used,280.0
microsoft,black,Undefined,599.0
dell,silver,Used,269.0
hp,silver,Undefined,300.0
lenovo,other,New,819.5
dell,other,Good - Refurbished,330.0
hp,other,Very Good - Refurbished,210.0
dell,black,Used,350.0
lenovo,black,Used,220.0
dell,black,Used,90.0
dell,gray,Used,248.5
hp,other,Used,727.0
hp,silver,Used,210.0
asus,blue,Undefined,806.0
lenovo,black,Excellent - Refurbished,699.0
hp,black,Used,99.0
dell,gray,Good - Refurbished,139.0
dell,black,Used,550.0
acer,black,Used,40.0
dell,black,For parts or not working,125.0
hp,gray,Used,140.0
lenovo,black,Used,45.0
samsung,silver,Excellent - Refurbished,119.5
dell,gray,Used,237.5
dell,other,Very Good - Refurbished,290.0
acer,other,Used,55.0
dell,black,Used,140.0
other,black,New,2340.0
dell,orange,Used,159.8
acer,silver,Undefined,249.9
other,other,Used,221.5
hp,black,Used,199.0
lenovo,blue,Open box,570.0
dell,other,Used,347.8
dell,other,Used,167.0
samsung,black,Used,38.0
asus,black,Undefined,1617.0
dell,black,Used,107.94
hp,black,Used,54.0
lenovo,other,Used,94.94
asus,gray,Used,295.0
other,other,New,205.6
hp,black,New,720.0
other,other,Used,400.0
dell,other,Used,190.0
other,black,Used,284.0
other,black,Used,40.0
lenovo,black,New,110.0
lenovo,black,Used,31.66
other,other,Used,348.0
microsoft,other,Used,24.98
hp,black,Undefined,650.0
dell,other,Used,368.8
dell,black,Undefined,90.0
other,other,Used,184.9
hp,other,Used,101.25
hp,silver,Very Good - Refurbished,300.0
asus,gray,Used,42.0
asus,gray,Undefined,25.0
microsoft,black,Undefined,739.0
hp,other,New,380.0
lenovo,black,Used,95.0
other,other,For parts or not working,95.7
other,other,Used,69.6
lenovo,gray,Certified - Refurbished,630.0
dell,black,Undefined,150.0
dell,black,Used,85.0
hp,blue,Very Good - Refurbished,699.5
dell,other,Used,87.0
lenovo,gray,Undefined,600.0
lenovo,black,Undefined,84.94
other,other,New,250.0
asus,other,Undefined,50.0
hp,blue,Open box,454.2
dell,silver,Very Good - Refurbished,489.0
dell,other,Used,291.0
dell,other,Used,370.8
other,black,Undefined,19.95
hp,black,Used,27.98
lenovo,black,Used,225.0
dell,other,Excellent - Refurbished,679.0
lenovo,other,Undefined,1012.5
lenovo,black,Used,150.0
asus,other,For parts or not working,600.0
asus,silver,Used,60.0
hp,other,Used,100.0
dell,black,Good - Refurbished,144.9
dell,black,Used,375.0
dell,black,Used,120.0
dell,black,Undefined,35.0
other,black,For parts or not working,147.0
lenovo,black,Used,65.0
dell,other,Used,99.94
dell,other,Used,313.5
dell,other,Used,302.8
dell,other,Used,375.0
acer,silver,Undefined,69.94
asus,other,Used,75.94
other,black,Used,400.0
other,other,Used,345.0
dell,other,Used,422.0
dell,black,Used,600.0
acer,other,Undefined,199.9
other,other,Open box,32.75
dell,other,Used,289.8
other,other,Used,284.2
dell,other,Very Good - Refurbished,420.0
dell,other,Undefined,100.0
dell,other,Used,327.8
other,black,Undefined,38.0
asus,pink,Undefined,172.8
dell,other,Used,345.0
lenovo,black,Used,188.0
hp,black,Used,100.0
dell,silver,Used,890.0
dell,black,Good - Refurbished,230.0
dell,black,Used,100.0
lenovo,black,Used,269.8
microsoft,silver,Used,225.5
other,other,Used,13.8
dell,other,Used,442.8
lenovo,other,Used,392.0
other,other,Undefined,289.8
lenovo,black,Open box,560.0
dell,other,Used,88.56
dell,bronze,Good - Refurbished,299.0
dell,white,Certified - Refurbished,749.0
dell,other,Used,249.0
dell,black,Used,157.5
other,other,New,173.0
other,other,Used,433.2
other,black,Undefined,700.0
lenovo,black,Undefined,911.0
dell,silver,Open box,799.0
acer,silver,Open box,273.0
lenovo,other,Used,350.0
lenovo,other,Undefined,160.0
dell,black,Used,90.0
samsung,silver,Open box,129.5
dell,other,Used,250.0
microsoft,other,Used,177.1
lenovo,black,Used,190.0
dell,black,Used,180.0
dell,black,Undefined,87.3
samsung,silver,Open box,247.0
dell,other,Used,80.0
lenovo,black,Used,90.0
hp,other,Used,48.0
dell,other,Very Good - Refurbished,220.0
hp,multicolor,Used,80.0
other,other,Used,258.0
dell,black,Undefined,32.94
lenovo,black,Used,23.0
hp,black,Undefined,29.0
hp,silver,New,370.0
hp,multicolor,Good - Refurbished,200.0
lenovo,other,Excellent - Refurbished,170.0
lenovo,black,Used,370.0
hp,silver,Excellent - Refurbished,300.0
hp,multicolor,Good - Refurbished,85.0
lenovo,multicolor,Good - Refurbished,75.0
microsoft,silver,Used,198.0
acer,black,Very Good - Refurbished,70.0
dell,other,Used,316.0
dell,other,Used,140.0
lg,black,Undefined,425.0
acer,gray,Good - Refurbished,50.0
lenovo,black,Used,150.0
microsoft,gray,Used,270.0
lg,black,Used,425.0
hp,black,Used,30.48
dell,silver,Used,440.0
lg,gray,Used,619.0
acer,silver,Used,60.0
lenovo,other,Used,393.2
dell,other,Used,327.8
dell,other,Used,279.5
lenovo,other,Used,200.0
samsung,black,Used,130.0
dell,black,Excellent - Refurbished,265.0
other,blue,Undefined,148.0
lenovo,black,Used,230.0
dell,other,Used,345.0
microsoft,black,Used,255.0
dell,other,Used,442.8
other,other,New,30.77
hp,multicolor,Used,490.0
asus,black,Used,780.5
lenovo,gray,Good - Refurbished,250.0
hp,other,Used,49.0
other,silver,Undefined,1295.0
dell,other,Used,312.0
acer,other,Used,126.56
hp,blue,Undefined,519.5
dell,blue,Very Good - Refurbished,349.0
hp,silver,Used,120.0
hp,white,Undefined,100.0
lg,white,Undefined,499.0
lenovo,other,Undefined,56.0
asus,other,Used,196.1
asus,other,For parts or not working,138.0
acer,black,Undefined,129.0
dell,black,Used,160.0
dell,other,Used,21.95
dell,silver,Used,199.0
hp,silver,Used,190.0
dell,blue,Undefined,200.0
dell,other,Used,324.0
microsoft,other,For parts or not working,75.0
other,other,Used,177.1
microsoft,black,Undefined,570.0
dell,black,Undefined,154.0
hp,other,Used,189.8
samsung,other,Used,63.25
dell,other,Used,292.2
other,black,Seller refurbished,332.8
lenovo,other,Used,391.0
lenovo,other,New,714.5
hp,other,Used,50.0
hp,silver,Certified - Refurbished,939.5
hp,black,For parts or not working,115.0
hp,other,Used,300.0
microsoft,silver,For parts or not working,60.0
lenovo,gray,Undefined,115.0
lenovo,silver,Used,300.0
dell,other,Used,279.5
other,other,Used,162.0
samsung,other,Used,46.0
dell,black,Used,119.0
hp,silver,Used,110.0
dell,other,Used,303.0
dell,black,Undefined,400.0
dell,gray,Open box,749.0
lenovo,black,Used,163.2
dell,black,Used,240.0
hp,other,Used,69.9
hp,gray,Certified - Refurbished,479.5
dell,black,Excellent - Refurbished,1900.0
lenovo,other,Used,393.2
dell,other,Used,300.2
lenovo,other,Open box,500.0
dell,multicolor,Certified - Refurbished,899.0
lenovo,other,Used,200.0
dell,gray,Excellent - Refurbished,360.0
hp,red,Undefined,259.0
hp,other,Used,179.0
lenovo,black,Used,231.0
dell,silver,Excellent - Refurbished,1050.0
microsoft,other,Undefined,158.1
dell,black,Used,200.0
dell,silver,Undefined,380.0
hp,black,Used,79.94
other,other,Used,299.0
hp,silver,New,325.0
dell,other,Used,298.8
dell,other,Used,352.0
dell,other,Used,294.0
hp,other,Used,44.0
acer,gray,Undefined,550.0
hp,silver,Used,300.0
samsung,silver,Undefined,175.0
lenovo,other,Used,309.2
other,other,Used,13.05
dell,other,Used,334.5
dell,other,Used,349.8
lenovo,other,Used,340.2
lenovo,black,Used,119.0
dell,other,Used,377.5
other,other,Used,521.0
dell,other,Used,260.8
hp,black,Certified - Refurbished,509.5
asus,black,Undefined,199.9
dell,black,Very Good - Refurbished,179.0
hp,other,Used,415.0
dell,other,Used,209.0
dell,other,Open box,750.0
dell,multicolor,Very Good - Refurbished,140.0
dell,black,Used,90.0
lg,white,Used,310.0
other,other,Used,413.2
other,other,Used,105.0
lenovo,other,Open box,899.0
dell,black,Used,45.0
asus,silver,Undefined,100.0
other,silver,New,1439.0
asus,gray,Undefined,105.0
dell,other,Used,458.5
other,other,Used,423.0
hp,silver,Certified - Refurbished,319.5
lenovo,black,Used,150.0
other,other,New,70.0
hp,gray,New,315.0
other,other,Undefined,146.5
other,gray,New,172.0
hp,black,Undefined,19.98
dell,other,Used,342.0
dell,other,Used,260.8
hp,gray,New,650.0
dell,other,Used,298.8
lenovo,silver,Certified - Refurbished,680.0
other,other,Used,412.2
other,other,Used,238.2
lenovo,other,Used,340.2
other,other,Used,327.8
dell,other,Used,45.0
dell,other,Undefined,198.0
dell,gray,Used,350.0
other,other,Used,87.0
other,blue,Used,333.2
dell,silver,Undefined,399.0
other,other,Used,40.0
other,silver,For parts or not working,24.98
other,other,Used,346.8
lenovo,black,Undefined,56.06
hp,other,Undefined,22.0
hp,silver,New,330.0
lenovo,black,New,699.0
dell,other,Used,365.8
other,other,Used,337.0
dell,other,Used,496.0
other,other,New,289.0
dell,silver,Used,699.0
other,other,Open box,500.0
dell,other,New,599.0
dell,other,Used,291.0
hp,silver,Used,110.0
dell,other,Excellent - Refurbished,600.0
hp,silver,Undefined,320.0
hp,multicolor,Used,490.0
hp,other,Used,130.0
hp,gray,Used,150.0
dell,gray,Used,425.0
dell,other,Used,318.2
dell,other,Used,396.0
dell,black,Very Good - Refurbished,53.0
other,other,Used,225.0
hp,silver,Used,243.0
dell,gray,Open box,740.0
hp,silver,Undefined,749.5
hp,other,Very Good - Refurbished,260.0
lenovo,black,Used,149.0
dell,other,Good - Refurbished,450.0
other,black,Undefined,70.0
hp,silver,Open box,670.0
dell,black,Undefined,140.0
dell,black,Very Good - Refurbished,199.0
other,gray,New,253.0
dell,other,Used,380.2
other,other,Used,477.5
other,other,New,4.42
dell,silver,Excellent - Refurbished,700.0
dell,black,Used,119.9
lenovo,other,Very Good - Refurbished,180.0
hp,other,Used,30.0
lenovo,other,New,565.0
dell,other,Good - Refurbished,189.0
hp,other,Used,50.0
dell,gray,Used,234.5
lg,blue,Undefined,850.0
dell,other,For parts or not working,29.95
acer,black,Used,435.0
dell,other,Used,398.0
dell,other,Used,328.5
lenovo,other,Used,325.2
dell,other,Used,588.5
dell,other,Used,360.5
lenovo,black,Excellent - Refurbished,530.0
dell,multicolor,Open box,575.0
microsoft,other,Used,219.5
hp,silver,Undefined,50.0
dell,other,Used,420.5
other,silver,Used,200.0
microsoft,black,Used,255.0
other,other,Used,19.58
dell,other,Used,384.0
dell,other,Used,21.95
dell,other,Used,384.0
dell,other,For parts or not working,19.0
lenovo,other,Used,399.8
hp,white,Used,150.4
acer,gray,New,399.0
hp,silver,Used,230.0
other,other,New,890.0
other,other,Used,412.2
lenovo,green,Undefined,800.0
dell,other,Used,449.8
dell,other,Used,489.5
dell,other,Good - Refurbished,216.0
lenovo,multicolor,Undefined,200.0
dell,gray,Used,300.0
other,beige,Used,52.0
hp,silver,Used,120.0
dell,other,Used,358.8
other,other,For parts or not working,65.25
microsoft,other,Used,220.0
dell,silver,Undefined,300.0
lenovo,black,Undefined,720.0
hp,other,Used,125.0
hp,other,New,90.0
dell,other,Used,313.5
dell,other,Used,302.8
other,other,Used,433.2
other,other,Used,194.8
dell,black,Used,103.4
dell,black,Used,80.0
other,silver,Used,285.0
lenovo,black,Used,112.5
other,multicolor,Used,325.0
lenovo,other,Used,500.0
dell,black,Excellent - Refurbished,400.0
dell,other,For parts or not working,55.0
microsoft,other,Used,150.0
dell,black,Undefined,363.0
samsung,silver,Undefined,95.0
other,black,Used,700.0
samsung,silver,Undefined,135.0
dell,black,For parts or not working,100.0
dell,black,Used,375.0
hp,other,New,250.0
other,other,Used,390.8
other,other,Used,208.9
hp,other,Used,88.56
hp,other,Used,139.2
other,other,Used,136.0
other,black,New,12.59
asus,other,Used,170.9
other,other,Used,462.0
other,gray,Used,38.0
microsoft,black,Open box,510.0
other,other,Used,113.9
hp,black,Open box,220.0
lenovo,other,Used,113.9
dell,other,Used,303.5
other,other,Used,260.0
hp,black,Used,100.0
dell,other,Used,312.0
other,other,Used,390.8
dell,other,Used,455.5
lenovo,other,Used,391.0
hp,silver,Undefined,325.0
hp,other,Used,355.8
lenovo,other,Used,391.0
other,other,Used,227.2
asus,other,New,3668.0
microsoft,other,Used,181.5
hp,other,For parts or not working,227.8
lenovo,other,Used,170.9
hp,other,Undefined,619.0
dell,other,Used,368.5
lenovo,other,Good - Refurbished,327.8
other,other,New,2718.0
other,other,Very Good - Refurbished,434.0
lenovo,gray,Used,100.0
lenovo,black,Excellent - Refurbished,445.0
other,other,Undefined,227.2
lenovo,other,Used,352.8
other,other,Good - Refurbished,330.0
microsoft,other,Used,191.1
other,other,Used,340.0
other,other,Used,151.9
other,other,Undefined,85.94
other,other,Open box,43.28
lg,silver,Undefined,649.0
other,other,Excellent - Refurbished,436.8
other,other,Used,164.5
acer,silver,Undefined,350.0
dell,black,Undefined,550.0
dell,other,Used,317.0
lenovo,other,Used,419.2
other,other,Used,451.2
acer,other,Used,1265.0
lenovo,other,Used,413.0
lenovo,gray,Undefined,200.0
dell,black,Undefined,360.0
dell,other,Used,199.0
lenovo,black,Good - Refurbished,125.94
dell,other,Undefined,119.0
acer,other,Used,75.94
dell,black,Open box,675.0
hp,black,Used,117.0
other,gold,Used,599.0
lenovo,gray,For parts or not working,160.0
dell,other,Used,321.2
other,black,Seller refurbished,248.0
lenovo,black,Undefined,30.0
lenovo,black,Undefined,490.0
hp,black,Used,70.0
dell,black,New,1483.0
other,other,New,128.4
dell,black,Used,129.0
hp,other,Used,126.5
other,other,Used,227.4
dell,other,Used,351.2
samsung,silver,Undefined,40.0
other,other,Used,126.5
hp,other,Used,111.25
dell,black,Used,250.0
other,other,New,1662.0
hp,black,Used,99.0
hp,silver,Undefined,145.0
dell,silver,Used,200.0
dell,other,Used,420.5
asus,other,Open box,25.31
other,other,Used,1087.0
microsoft,other,Used,118.1
microsoft,silver,For parts or not working,100.0
dell,other,Used,750.0
other,other,Used,238.2
dell,other,Used,253.1
other,silver,Used,165.0
other,other,Used,158.1
hp,silver,Undefined,260.0
other,silver,Used,600.0
other,other,Seller refurbished,129.4
hp,black,Used,62.94
other,other,Used,92.44
hp,other,Used,184.1
other,other,Used,815.5
other,other,Very Good - Refurbished,226.5
other,silver,New,159.0
lenovo,teal,Excellent - Refurbished,1454.0
other,other,Used,152.2
acer,black,Used,500.0
lenovo,other,Used,292.2
other,other,New,65.25
other,gray,New,287.0
hp,other,Used,443.0
lenovo,gray,Used,100.0
dell,gray,Undefined,550.0
lenovo,other,Used,75.94
dell,other,Certified - Refurbished,154.0
lenovo,other,Used,419.2
hp,other,Used,130.0
other,gray,New,256.5
hp,gray,Used,84.94
lenovo,other,Excellent - Refurbished,220.0
hp,silver,New,429.0
dell,black,Used,110.0
dell,gray,Open box,722.0
other,other,Used,119.0
dell,black,Used,45.0
hp,black,Good - Refurbished,164.5
lenovo,black,Used,100.0
dell,black,Undefined,409.8
hp,other,Used,39.0
dell,black,Used,235.0
hp,silver,Used,240.0
lenovo,black,Used,280.0
hp,other,Used,37.0
dell,other,Excellent - Refurbished,320.0
other,gray,New,134.0
hp,red,Open box,229.9
other,other,Used,250.1
asus,other,Used,78.6
other,other,Used,95.94
dell,black,Undefined,890.0
hp,silver,Used,229.0
acer,other,Used,39.9
lenovo,black,Used,89.0
lenovo,other,For parts or not working,51.0
lenovo,black,Used,31.95
acer,gray,Good - Refurbished,43.0
dell,black,Excellent - Refurbished,300.0
lenovo,black,Used,400.0
dell,black,Undefined,125.94
dell,black,Used,140.0
hp,other,New,495.0
dell,black,Used,130.0
other,silver,Excellent - Refurbished,669.0
other,other,Used,109.0
dell,other,Used,348.2
other,other,Used,340.0
other,other,Used,422.0
lenovo,other,Used,318.2
hp,brown,Used,175.0
other,other,Used,9.45
dell,gray,Excellent - Refurbished,710.0
microsoft,other,Used,449.0
other,other,Used,7.61
lenovo,other,Used,434.2
hp,other,Undefined,799.0
dell,black,Undefined,200.0
dell,other,Used,426.5
dell,other,Used,429.8
lenovo,black,Used,393.2
lenovo,black,Used,190.0
dell,black,Very Good - Refurbished,189.0
hp,silver,Undefined,816.0
dell,other,Used,135.0
other,other,New,91.5
dell,other,Used,115.9
lenovo,blue,Open box,299.0
acer,silver,Undefined,499.5
lg,other,New,899.0
other,other,Used,10.54
dell,other,Good - Refurbished,260.0
other,other,New,63.84
dell,other,Used,381.5
hp,gray,Undefined,100.0
acer,silver,Undefined,65.0
acer,other,New,349.0
samsung,black,Undefined,119.0
hp,silver,Used,160.0
dell,black,Used,49.0
dell,other,Used,386.5
dell,other,Used,292.2
other,other,Used,364.8
acer,silver,Undefined,100.0
other,other,For parts or not working,22.4
dell,blue,Used,65.0
other,black,Used,223.0
other,other,New,53.72
other,other,New,13.05
dell,multicolor,New,690.0
other,other,Used,10.88
lenovo,other,Used,348.2
other,gray,Used,200.0
dell,other,Used,284.8
other,other,Good - Refurbished,126.5
dell,other,For parts or not working,21.52
acer,gray,Undefined,2348.0
other,other,Used,198.0
other,other,Good - Refurbished,310.5
dell,black,Used,40.0
other,other,For parts or not working,37.94
dell,other,Very Good - Refurbished,163.2
dell,other,Used,310.8
dell,other,Used,271.2
other,other,Used,132.5
dell,other,Used,411.0
other,other,New,217.5
lenovo,black,Used,250.0
other,other,Used,407.8
other,other,Used,146.9
dell,black,Used,500.0
other,other,Used,75.94
other,other,Used,65.25
dell,other,Used,189.8
dell,other,Excellent - Refurbished,296.2
dell,other,Used,588.5
dell,other,Very Good - Refurbished,759.0
hp,black,Used,1200.0
other,other,Used,238.2
lenovo,other,Used,253.1
other,other,Seller refurbished,114.2
other,other,Used,177.1
other,other,Used,239.2
dell,other,New,125.25
other,other,Used,193.0
other,other,Good - Refurbished,190.4
other,other,Used,325.2
other,other,New,620.0
dell,black,For parts or not working,150.0
other,other,Excellent - Refurbished,147.4
dell,other,Used,396.0
dell,other,Used,396.0
lenovo,other,Used,348.2
asus,gray,Undefined,39.0
lenovo,black,Undefined,49.0
dell,gray,Certified - Refurbished,882.0
dell,other,Used,301.5
dell,other,Used,424.8
other,black,Seller refurbished,317.0
dell,silver,Used,400.0
hp,brown,Used,65.0
dell,black,Undefined,200.0
dell,gray,Used,98.7
dell,silver,Used,120.0
dell,black,Used,300.0
other,other,Used,13.05
dell,black,Undefined,199.0
lenovo,black,Used,230.0
other,gray,New,1149.0
lenovo,blue,Undefined,375.0
hp,other,Used,100.0
dell,black,Used,140.0
acer,gray,Undefined,52.0
other,other,New,80.0
dell,black,Used,99.0
hp,silver,Used,170.0
lenovo,other,Used,313.5
other,other,Used,435.0
other,other,New,1780.0
hp,blue,Undefined,174.0
hp,other,Used,415.0
dell,other,Used,426.2
asus,other,Open box,380.0
dell,black,Used,105.0
other,other,Used,75.06
other,other,Used,191.6
other,other,New,59.97
dell,black,Used,125.0
lenovo,blue,Undefined,419.0
dell,other,Used,331.8
acer,black,Undefined,40.0
dell,black,Used,100.0
other,grey,New,878.0
dell,gray,Undefined,670.0
hp,other,Used,164.5
hp,silver,Excellent - Refurbished,940.0
other,other,Used,333.8
other,other,Used,429.2
other,other,Open box,50.3
lenovo,other,Used,189.0
dell,black,Used,130.0
dell,other,Used,422.0
other,black,Used,335.5
hp,gray,Certified - Refurbished,479.5
microsoft,other,Used,70.0
other,other,Undefined,87.06
dell,black,Undefined,458.8
dell,other,Used,347.8
dell,other,Used,467.0
dell,other,Used,382.8
other,other,New,3408.0
other,other,Used,43.5
microsoft,other,Seller refurbished,1047.0
other,other,For parts or not working,22.14
dell,other,Used,331.8
other,other,Used,263.2
other,other,Seller refurbished,1030.0
other,other,New,116.5
dell,other,Used,281.8
other,other,Good - Refurbished,322.8
other,black,Used,478.8
other,other,New,82.06
other,other,Used,15.01
microsoft,other,Seller refurbished,1047.0
other,other,New,114.0
other,other,For parts or not working,21.66
acer,other,For parts or not working,27.1
other,other,Seller refurbished,2686.0
lenovo,other,Used,466.0
dell,other,Used,355.2
other,other,Used,200.4
dell,black,Used,226.2
other,other,For parts or not working,21.75
other,other,New,103.44
other,other,New,46.62
hp,other,New,120.0
other,other,Used,328.2
other,other,New,58.7
other,other,Used,10.54
hp,other,New,90.0
other,other,Undefined,105.25
other,other,Seller refurbished,2102.0
other,other,New,45.38
other,other,New,39.47
dell,other,Used,355.2
dell,other,Used,375.0
lenovo,other,Used,419.2
other,other,New,87.9
lg,other,New,92.06
other,other,Used,5.44
other,other,Used,371.0
other,other,Seller refurbished,2664.0
hp,other,Used,139.0
other,other,Used,333.8
dell,other,Used,484.0
other,other,Used,428.0
other,other,Used,385.5
other,other,Seller refurbished,2730.0
asus,black,Undefined,1500.0
dell,other,Good - Refurbished,234.1
other,other,Used,728.5
dell,other,Used,160.0
other,other,Seller refurbished,987.5
other,other,Used,21.75
other,other,Used,21.75
lenovo,other,Used,297.5
other,other,New,59.25
asus,silver,Undefined,164.5
hp,silver,Used,90.0
auo,other,New,69.94
other,other,New,109.0
hp,other,New,120.0
other,other,Good - Refurbished,298.5
other,other,Good - Refurbished,436.0
other,other,New,64.2
other,other,Used,6.53
other,black,Undefined,191.6
other,other,Undefined,39.2
other,other,New,26.22
other,other,Used,17.06
lenovo,other,Used,65.0
other,silver,Excellent - Refurbished,668.0
other,black,Seller refurbished,266.8
dell,black,Used,370.2
other,other,Used,331.2
other,other,Used,97.9
other,other,Used,19.58
dell,other,Used,312.8
other,other,Used,15.98
other,other,New,112.56
dell,other,Used,375.0
acer,other,Used,38.0
samsung,other,New,69.25
other,other,Used,347.0
other,other,Used,7.28
other,other,New,70.75
lenovo,black,Used,999.5
other,other,Undefined,61.03
other,other,New,29.94
other,other,New,20.48
other,other,New,92.06
auo,other,New,117.0
samsung,silver,Undefined,50.0
dell,other,Used,584.5
dell,other,Used,297.8
other,other,Undefined,27.66
other,other,New,20.67
lg,other,Undefined,73.44
dell,other,Used,165.0
other,other,Seller refurbished,1271.0
dell,other,Used,276.2
other,other,New,59.56
other,other,Seller refurbished,1022.0
other,other,Seller refurbished,2332.0
other,other,Seller refurbished,2274.0
other,other,Seller refurbished,2294.0
other,other,Seller refurbished,2114.0
dell,other,Used,584.5
other,other,Good - Refurbished,126.5
other,other,New,72.1
other,other,Seller refurbished,2084.0
other,other,Seller refurbished,2136.0
other,other,Used,331.2
microsoft,other,Seller refurbished,1047.0
dell,black,Used,254.8
other,other,New,92.8
dell,other,Used,149.0
other,other,Seller refurbished,2148.0
other,other,Used,13.05
lenovo,other,Used,446.8
lenovo,other,Used,324.2
other,black,Seller refurbished,2686.0
other,other,Used,10.88
other,other,New,112.44
other,other,Undefined,64.2
other,other,Seller refurbished,1281.0
other,other,Used,632.0
other,other,New,128.8
other,other,New,594.0
auo,other,New,70.4
other,other,Used,145.6
other,other,New,34.12
other,other,Used,23.94
microsoft,other,Seller refurbished,1302.0
dell,other,Used,442.8
lenovo,other,Used,349.5
other,other,Used,250.1
other,other,Used,422.0
hp,black,Certified - Refurbished,509.5
other,other,New,11.91
lenovo,black,Used,25.5
hp,silver,Undefined,35.0
dell,other,Used,484.0
dell,silver,New,889.0
dell,other,Used,150.0
other,silver,Excellent - Refurbished,668.0
asus,other,New,72.8
dell,other,Used,326.2
dell,other,Used,422.0
hp,pink,New,255.0
asus,other,Used,113.9
acer,silver,Used,55.0
dell,black,For parts or not working,35.0
other,other,Used,385.5
hp,other,Used,135.0
dell,black,Used,100.0
samsung,gray,Undefined,120.0
dell,multicolor,Open box,570.0
dell,other,Used,410.0
dell,other,Used,340.8
dell,other,Used,323.0
lenovo,other,Used,458.5
microsoft,other,Seller refurbished,1047.0
lg,other,Open box,292.5
other,other,Seller refurbished,2332.0
other,other,Seller refurbished,2148.0
dell,other,Used,344.0
dell,other,Used,379.8
other,other,Used,358.5
auo,other,New,94.44
other,other,New,82.6
other,black,Seller refurbished,329.5
other,other,Used,527.5
other,other,Seller refurbished,614.5
other,other,New,75.06
other,other,New,107.9
other,other,Used,1058.0
other,other,New,106.0
other,other,New,3364.0
dell,other,Used,447.2
other,other,New,109.3
other,other,Used,960.5
other,other,Seller refurbished,1000.0
other,other,Undefined,59.56
other,other,Seller refurbished,264.8
other,other,Seller refurbished,266.8
lenovo,multicolor,Good - Refurbished,75.0
other,other,Used,111.75
acer,gray,Undefined,50.0
acer,other,Good - Refurbished,63.0
other,black,Used,200.0
dell,black,Used,99.0
dell,other,Used,175.0
hp,silver,Certified - Refurbished,539.0
lenovo,black,Used,119.94
hp,black,Used,339.0
other,other,Used,250.0
microsoft,other,Used,149.0
lenovo,black,Undefined,530.0
microsoft,other,Used,150.0
dell,green,Undefined,575.0
lenovo,black,Used,190.0
other,other,Used,442.8
lenovo,other,Excellent - Refurbished,220.0
dell,black,Used,95.0
hp,black,Used,99.94
dell,other,Very Good - Refurbished,263.2
lenovo,black,Used,100.0
microsoft,platinum,Good - Refurbished,355.0
asus,gray,Used,29.98
dell,other,Used,319.0
dell,other,Used,324.0
dell,other,Used,389.5
other,other,Used,372.0
hp,other,Used,250.0
dell,other,Used,320.2
other,other,Used,225.2
other,other,New,3104.0
other,other,Undefined,72.2
other,gray,New,299.0
dell,black,Used,588.5
other,other,Excellent - Refurbished,589.5
other,gray,New,254.0
other,other,Used,156.1
other,other,New,31.55
dell,other,Used,329.8
other,other,New,33.66
other,other,Used,16.31
other,other,New,105.25
other,black,Seller refurbished,547.5
other,other,Used,488.2
lenovo,other,Used,323.5
dell,other,For parts or not working,90.0
other,other,New,36.97
dell,black,Used,325.8
other,other,Used,97.9
other,black,Seller refurbished,201.4
other,other,New,91.44
other,other,Used,15.23
hp,blue,Used,380.0
dell,other,Used,150.0
other,black,Seller refurbished,210.2
microsoft,black,Used,240.0
other,black,Undefined,180.0
other,other,Used,1235.0
other,gray,Undefined,700.0
dell,other,Used,40.0
dell,black,Excellent - Refurbished,1450.0
dell,other,Used,330.0
dell,other,Used,442.8
microsoft,silver,Used,250.0
hp,silver,New,820.0
other,other,Used,304.0
dell,other,Used,100.0
dell,multicolor,Used,170.0
other,other,Used,185.0
lenovo,black,Used,199.0
hp,black,Used,19.98
asus,blue,Undefined,197.0
other,silver,Good - Refurbished,530.0
other,other,Used,260.0
lenovo,other,Used,448.2
other,gray,For parts or not working,710.0
dell,other,Used,310.0
hp,silver,For parts or not working,160.0
lenovo,black,Used,250.0
other,other,Used,27.19
dell,black,Used,450.0
hp,other,Good - Refurbished,200.0
lenovo,gray,Undefined,115.0
dell,white,Certified - Refurbished,749.0
dell,other,Used,424.2
asus,other,New,83.6
dell,other,Used,344.8
other,other,Used,352.0
hp,silver,Used,190.0
lenovo,black,Used,50.0
lenovo,black,Used,269.8
lenovo,black,Undefined,500.0
microsoft,silver,Undefined,299.0
other,other,Used,369.2
other,black,Seller refurbished,229.1
dell,other,Used,375.8
microsoft,silver,For parts or not working,150.0
other,other,Used,215.0
dell,multicolor,Used,450.0
dell,other,Used,199.0
other,other,Used,398.5
other,other,Very Good - Refurbished,379.5
lenovo,other,Used,800.0
dell,silver,Used,860.0
dell,black,Undefined,169.0
acer,black,Undefined,375.2
dell,other,Used,467.5
lenovo,gray,Undefined,1019.0
dell,black,Used,180.0
acer,white,For parts or not working,40.0
other,other,New,93.2
other,other,New,637.5
lenovo,other,Used,295.0
dell,black,Undefined,400.0
hp,black,Undefined,218.9
dell,silver,Used,200.0
hp,other,Used,200.0
hp,silver,Used,90.0
lenovo,other,Used,175.0
acer,other,New,98.25
other,other,Good - Refurbished,288.2
other,other,New,130.6
dell,black,Used,314.2
other,other,Used,10.88
other,other,New,85.44
other,other,New,112.25
dell,black,Used,403.0
dell,black,Used,234.8
other,other,New,79.0
other,other,Used,426.5
dell,other,Used,375.8
dell,other,New,57.94
other,black,Undefined,204.2
other,black,Seller refurbished,227.8
other,other,Used,10.95
other,other,New,76.7
lenovo,other,Used,574.5
lg,other,New,93.9
other,other,Used,8.7
other,other,Used,9.79
other,other,Undefined,103.75
other,other,New,90.4
other,other,New,152.2
other,other,New,127.6
other,other,New,79.56
dell,other,Used,334.8
other,other,Used,337.8
auo,other,New,92.75
other,other,Used,337.5
dell,other,Used,324.0
other,other,New,131.5
other,other,New,121.06
other,other,New,206.4
other,other,Good - Refurbished,295.5
other,other,New,47.2
other,other,New,81.8
other,other,Seller refurbished,2730.0
other,black,Seller refurbished,292.0
other,black,Seller refurbished,342.2
auo,other,New,50.7
other,other,Seller refurbished,476.5
other,other,New,372.8
other,black,Seller refurbished,376.8
other,other,New,60.9
lg,other,New,93.1
other,other,Used,368.2
other,other,Good - Refurbished,304.5
other,other,Seller refurbished,2148.0
other,other,Seller refurbished,2332.0
dell,other,Used,400.0
auo,other,New,114.6
other,other,New,103.75
other,other,New,117.7
other,other,New,318.5
other,other,New,53.28
dell,silver,Undefined,329.0
microsoft,silver,Undefined,250.0
other,other,Used,195.8
dell,black,Used,89.0
dell,other,Used,281.8
other,blue,Undefined,80.0
dell,silver,Certified - Refurbished,695.0
dell,black,Used,350.0
dell,other,Used,374.5
other,other,Undefined,380.5
dell,silver,Used,125.0
other,other,Used,260.0
other,other,New,11.88
hp,silver,Undefined,24.98
lenovo,black,Used,119.0
acer,black,Good - Refurbished,49.0
other,blue,Used,539.0
lenovo,gray,Undefined,288.2
other,other,Used,225.0
acer,white,For parts or not working,120.0
lenovo,black,Undefined,45.0
asus,other,Used,86.0
asus,other,For parts or not working,28.5
acer,other,Used,89.94
dell,black,Very Good - Refurbished,1250.0
dell,other,Used,313.5
lenovo,other,Used,396.0
dell,other,Used,294.8
lenovo,other,Used,333.5
dell,black,Used,314.2
hp,silver,Undefined,569.0
dell,black,Excellent - Refurbished,820.0
hp,silver,For parts or not working,45.0
dell,black,Very Good - Refurbished,307.0
dell,silver,Used,200.0
other,black,Seller refurbished,364.2
hp,gray,Used,834.5
hp,silver,Used,450.0
other,other,Used,193.1
dell,other,Used,490.8
other,other,Used,205.6
lenovo,black,Used,171.5
lenovo,black,Open box,799.0
dell,other,Used,289.2
acer,black,Undefined,400.0
other,silver,Used,316.2
hp,silver,Undefined,300.0
hp,other,Used,230.0
dell,black,Used,500.0
dell,black,For parts or not working,60.0
hp,gray,For parts or not working,593.0
other,black,Used,70.0
dell,other,Used,169.0
dell,black,Undefined,49.0
dell,other,Used,383.0
dell,black,Very Good - Refurbished,249.0
lenovo,gray,Used,280.0
dell,other,Used,130.0
hp,silver,Used,389.0
lenovo,gray,New,490.0
dell,black,Undefined,40.0
other,other,New,12.5
hp,other,Used,96.94
lenovo,black,Used,325.8
other,other,Used,193.1
dell,black,Used,465.0
other,other,Used,174.0
lenovo,black,Used,1135.0
other,black,Seller refurbished,279.2
other,other,New,28.88
lenovo,other,New,45.38
lenovo,other,New,62.28
lenovo,other,Used,394.8
lg,other,New,112.5
dell,other,Used,472.2
other,other,Undefined,128.4
dell,other,Used,410.0
samsung,other,New,96.44
other,black,Seller refurbished,235.4
dell,other,Used,421.0
other,other,Seller refurbished,2186.0
other,other,Seller refurbished,348.0
other,other,New,311.2
dell,other,Used,324.0
lenovo,other,Used,396.0
samsung,other,New,134.5
auo,other,New,54.94
other,other,Used,11.96
dell,other,Used,303.0
other,gray,For parts or not working,55.0
lenovo,black,Very Good - Refurbished,400.0
samsung,silver,Undefined,25.0
other,gray,Used,549.0
asus,black,New,490.0
dell,other,Used,303.0
dell,other,Used,85.0
acer,silver,Used,50.0
dell,silver,Excellent - Refurbished,329.0
hp,other,Used,205.0
hp,silver,Undefined,360.0
other,other,New,627.5
dell,other,Used,656.5
samsung,black,Used,33.0
hp,silver,Used,184.2
samsung,other,Used,100.0
asus,black,New,1617.0
acer,white,Undefined,35.0
hp,other,For parts or not working,110.0
dell,blue,Used,140.0
microsoft,silver,Used,899.0
dell,black,Used,115.0
other,other,Used,423.5
dell,other,Used,442.8
lenovo,black,For parts or not working,88.0
dell,black,Used,165.0
lenovo,other,Used,219.0
other,other,Seller refurbished,152.2
dell,gray,Used,100.0
dell,silver,Used,296.8
dell,gray,Undefined,759.0
other,other,Used,409.2
other,gray,New,299.0
hp,black,Open box,700.0
acer,silver,Used,50.0
other,black,Used,264.0
dell,other,Used,199.0
dell,other,Used,249.0
dell,other,Used,239.0
acer,gray,Undefined,250.0
dell,other,Used,329.0
lenovo,black,For parts or not working,60.0
other,other,For parts or not working,120.2
hp,silver,Used,200.0
hp,other,For parts or not working,313.0
other,other,Used,16.02
lenovo,gray,Undefined,175.0
other,black,Used,284.0
hp,silver,Open box,444.0
other,other,Very Good - Refurbished,434.0
acer,silver,Used,55.0
asus,blue,Undefined,439.0
lenovo,black,Used,149.0
lenovo,other,Used,160.0
hp,silver,Very Good - Refurbished,365.0
hp,other,Used,106.94
asus,black,Open box,529.0
dell,silver,Undefined,239.0
samsung,silver,Undefined,203.8
hp,silver,Used,240.0
microsoft,black,Undefined,380.0
microsoft,other,Used,188.5
dell,black,Used,44.0
dell,other,Used,288.0
acer,blue,Very Good - Refurbished,65.0
dell,black,Used,825.0
dell,silver,Used,800.0
acer,gray,Undefined,41.0
microsoft,gray,Used,150.0
dell,black,Undefined,130.0
lenovo,black,Good - Refurbished,350.0
dell,black,Used,159.0
lenovo,black,Used,65.0
acer,other,Used,66.0
hp,black,New,155.0
lenovo,black,Used,90.0
dell,other,Used,90.0
microsoft,silver,Used,180.0
hp,multicolor,Good - Refurbished,200.0
lenovo,black,Used,95.0
lenovo,black,Used,220.0
lenovo,black,Used,114.94
dell,other,Used,82.0
lenovo,grey,New,338.8
other,other,New,205.8
other,other,Used,324.5
other,other,New,88.75
other,black,Used,203.5
other,other,For parts or not working,38.06
other,other,Used,337.5
other,other,Undefined,65.06
lg,other,New,97.7
lg,other,New,112.3
dell,other,Used,410.5
dell,other,Used,331.0
dell,other,Used,348.0
other,black,Undefined,107.2
other,other,Excellent - Refurbished,347.2
other,other,New,92.3
auo,other,New,91.75
other,other,New,28.52
other,other,Used,8.7
dell,other,Used,467.5
dell,other,Used,281.8
other,other,New,109.0
other,other,Undefined,102.9
other,other,Undefined,58.75
other,other,Seller refurbished,178.9
auo,other,Undefined,92.06
dell,other,Used,323.8
other,other,Used,423.5
other,other,New,85.94
samsung,other,New,69.94
other,other,Used,7.61
other,other,For parts or not working,21.94
other,black,Seller refurbished,304.5
other,other,Used,330.2
dell,other,Used,334.8
lenovo,other,New,68.0
lenovo,other,Used,330.0
hp,silver,Used,300.0
other,other,Used,107.7
dell,other,Used,375.0
dell,black,Used,175.0
other,black,New,1500.0
other,blue,Used,198.0
dell,gray,Used,160.0
dell,black,Undefined,599.0
dell,other,Used,135.0
lenovo,black,For parts or not working,40.0
hp,silver,Undefined,800.0
hp,other,Used,230.0
dell,black,Used,60.0
dell,black,Used,119.0
other,other,Used,400.8
dell,other,Good - Refurbished,260.0
asus,other,Undefined,70.1
asus,silver,Used,219.0
lenovo,gray,Undefined,149.0
lenovo,black,Used,129.0
other,other,Used,275.2
dell,other,Used,320.8
dell,other,Used,406.2
dell,other,Used,462.8
lenovo,other,Used,446.2
samsung,other,New,66.44
other,other,Undefined,82.44
other,other,Used,154.5
other,other,Used,326.2
lenovo,other,New,726.5
other,other,Used,336.8
other,other,Seller refurbished,2722.0
other,other,Used,6.51
other,other,Undefined,85.2
other,other,New,117.4
other,other,For parts or not working,21.6
other,other,New,316.5
other,other,New,130.2
acer,other,For parts or not working,32.4
other,other,Undefined,58.5
other,other,New,85.7
other,other,Excellent - Refurbished,419.2
other,other,Used,359.8
auo,other,New,92.56
other,other,New,130.4
lg,other,New,90.6
hp,other,For parts or not working,37.8
other,black,Seller refurbished,411.5
dell,other,Used,320.8
other,other,Good - Refurbished,294.8
hp,silver,Used,120.0
hp,other,Undefined,145.0
dell,green,Undefined,425.0
hp,gray,Very Good - Refurbished,290.0
hp,silver,Undefined,573.0
asus,other,For parts or not working,29.98
microsoft,silver,Used,485.0
other,other,Good - Refurbished,287.5
other,multicolor,Used,99.0
other,black,Seller refurbished,341.2
dell,other,Used,410.0
auo,other,New,59.84
dell,multicolor,Open box,775.0
asus,other,For parts or not working,70.0
dell,black,Used,400.0
lenovo,other,Undefined,170.9
dell,silver,Used,167.8
dell,silver,Certified - Refurbished,980.0
hp,other,Used,190.0
other,black,Seller refurbished,344.5
other,other,Used,69.6
other,black,Used,789.0
lenovo,black,Used,368.0
other,other,Undefined,1409.0
acer,silver,New,439.0
hp,white,Undefined,195.0
other,other,Used,367.2
hp,other,Used,49.0
dell,silver,Used,300.0
other,other,Used,94.94
dell,other,Used,360.0
other,other,Used,9.76
dell,other,Used,396.2
lenovo,other,New,61.62
other,other,New,41.7
other,other,Used,419.2
other,other,Seller refurbished,2144.0
dell,other,Used,372.8
other,black,Seller refurbished,632.5
lenovo,black,Used,522.5
lenovo,black,Used,573.0
dell,other,Used,299.8
other,other,New,58.6
auo,other,New,92.2
other,black,Seller refurbished,678.5
other,other,New,139.9
other,other,New,111.44
auo,other,New,127.9
samsung,other,New,135.0
other,other,Undefined,303.8
other,black,Undefined,571.5
dell,other,Used,485.8
dell,other,Used,406.2
lenovo,other,Used,452.5
other,other,Open box,747.5
other,other,New,51.0
lenovo,other,Used,422.0
dell,other,Seller refurbished,270.0
other,other,New,41.6
other,other,New,201.4
lg,other,New,95.56
other,other,New,47.38
dell,other,Used,489.5
asus,other,New,94.5
lg,other,New,99.7
other,other,Used,408.2
other,other,For parts or not working,21.98
acer,other,New,66.8
other,other,New,266.8
lg,other,New,124.6
other,other,New,31.33
other,other,Undefined,58.6
other,other,Used,380.5
dell,other,Used,331.2
other,other,Used,5.42
auo,other,New,71.6
dell,other,Used,331.2
lenovo,other,Used,326.5
other,other,Used,41.6
other,other,New,110.5
acer,other,New,46.12
lenovo,other,Used,339.5
other,other,Undefined,38.56
auo,other,New,81.4
dell,other,Used,316.2
other,other,Used,370.0
acer,other,New,91.1
other,other,Used,5.42
other,other,Used,19.19
other,other,New,78.8
other,other,Used,31.45
other,black,Undefined,764.5
dell,other,Used,348.2
other,other,Used,404.0
other,other,New,101.5
other,other,New,90.8
other,other,Seller refurbished,289.0
other,black,Seller refurbished,328.8
dell,other,Used,320.8
asus,other,New,83.1
other,other,Used,15.94
other,other,Used,8.68
other,other,Used,217.0
lg,other,New,78.25
acer,other,Undefined,95.1
lg,other,New,91.56
other,other,Used,125.0
other,black,Seller refurbished,228.5
hp,gray,Used,45.0
other,other,Used,23.88
other,other,Undefined,150.0
other,other,New,636.0
other,black,Used,285.0
other,silver,New,149.0
dell,black,Used,300.0
dell,other,Used,470.0
dell,black,Good - Refurbished,695.0
other,other,Used,94.94
other,other,Used,10.51
asus,blue,Used,70.0
other,other,Undefined,36.88
other,multicolor,Undefined,550.0
samsung,silver,Undefined,99.5
other,brown,Used,2374.0
acer,white,For parts or not working,40.0
lenovo,other,Used,318.0
lenovo,black,Used,695.0
hp,silver,Used,120.0
other,silver,Used,650.0
dell,black,For parts or not working,37.0
other,other,Used,354.2
other,other,Used,9.43
dell,silver,Good - Refurbished,630.0
lenovo,gray,Undefined,149.6
other,other,Used,348.5
other,black,Seller refurbished,353.8
other,other,Used,376.2
lenovo,other,New,44.9
other,other,New,114.44
dell,black,Used,239.8
samsung,other,New,50.25
dell,black,Used,463.8
other,other,Used,7.59
other,other,New,133.0
dell,other,Used,360.0
other,other,Excellent - Refurbished,340.0
lenovo,other,Used,323.2
other,other,Used,336.8
other,black,Seller refurbished,461.8
other,other,New,134.1
other,black,Used,433.8
lenovo,black,Used,603.5
other,other,New,806.5
other,other,Undefined,108.6
other,other,New,127.75
other,other,Undefined,203.6
lenovo,black,Used,551.0
auo,other,New,99.44
other,other,New,80.7
lenovo,black,Used,460.8
other,other,Seller refurbished,547.0
other,other,Used,5.42
dell,other,Used,108.0
hp,black,Used,29.0
lenovo,other,Used,56.0
hp,other,Used,125.0
acer,black,Used,64.94
lenovo,black,Used,550.0
lenovo,black,Used,90.0
lenovo,other,Used,600.0
dell,black,Used,50.0
lenovo,black,Used,46.0
hp,black,Used,120.0
lenovo,black,Used,110.0
hp,silver,New,193.0
microsoft,silver,Used,180.0
hp,other,Used,100.0
microsoft,other,Used,188.0
dell,other,Used,195.0
asus,green,Undefined,299.0
lenovo,black,Used,200.0
lenovo,gray,Undefined,150.0
lenovo,other,Undefined,404.0
lenovo,black,Undefined,30.0
dell,black,Used,159.0
dell,black,Used,57.0
samsung,silver,Undefined,550.0
dell,black,Used,168.0
other,other,Used,64.0
microsoft,silver,Used,124.0
dell,black,Used,130.0
hp,other,Used,130.0
lenovo,black,Used,300.0
lg,gray,For parts or not working,275.0
lenovo,black,Used,225.0
other,other,Used,80.0
dell,other,Used,405.8
other,other,Undefined,44.22
other,other,Used,40.0
other,other,New,53.75
dell,other,Used,411.0
other,other,Used,97.6
hp,silver,Undefined,579.0
other,other,Used,192.6
lenovo,other,Used,390.8
other,other,Undefined,20.61
other,other,Very Good - Refurbished,419.2
dell,black,Undefined,95.94
acer,other,New,97.25
dell,other,Used,286.0
other,other,Used,21.7
other,other,For parts or not working,21.8
other,other,New,101.8
dell,other,Used,416.8
dell,other,Used,280.8
hp,silver,Undefined,120.0
other,other,New,150.8
hp,red,Undefined,300.0
hp,silver,Used,130.0
other,other,New,92.2
other,other,Used,10.85
dell,other,Used,280.8
other,black,Seller refurbished,335.8
dell,black,Used,345.8
other,other,New,60.75
lenovo,other,Open box,95.0
other,black,Seller refurbished,370.2
other,other,Used,783.0
hp,other,New,90.56
other,other,Seller refurbished,434.5
other,other,Seller refurbished,1772.0
other,other,New,110.4
dell,other,Used,370.8
other,other,Used,435.2
other,other,New,59.53
other,other,New,160.2
dell,black,Used,814.5
other,other,Used,522.0
samsung,other,Used,29.84
dell,other,Used,431.2
other,other,New,65.0
other,other,New,52.72
other,other,Used,222.4
other,other,Seller refurbished,177.1
lenovo,other,Seller refurbished,714.0
other,other,Very Good - Refurbished,363.5
dell,other,Used,383.0
lenovo,other,Used,344.8
dell,other,Used,484.0
auo,other,New,97.1
other,other,Very Good - Refurbished,424.0
other,black,Used,573.0
other,other,New,26.7
samsung,other,New,58.75
other,other,Used,9.76
lenovo,other,Used,487.5
other,other,Used,84.2
other,other,New,166.1
dell,other,Used,375.5
other,other,Seller refurbished,647.0
other,other,Used,16.27
other,other,Used,404.0
other,other,Used,428.8
other,other,New,106.9
other,other,New,74.9
other,black,Used,530.0
lenovo,other,Seller refurbished,675.5
other,other,New,3060.0
lenovo,gray,Used,665.5
other,other,Used,489.5
other,other,New,45.6
other,other,Used,317.8
other,other,Used,10.85
other,other,New,33.56
other,other,New,230.0
dell,other,Used,331.0
other,other,Undefined,39.1
other,other,New,90.2
dell,other,Used,396.2
lenovo,other,New,687.0
other,other,Used,754.0
dell,gray,Certified - Refurbished,679.0
other,other,Undefined,81.9
other,other,Open box,379.8
other,other,Used,145.2
other,other,Used,54.75
dell,other,Used,500.5
other,other,Used,389.0
other,other,New,483.2
other,other,Used,19.53
other,black,Seller refurbished,338.2
other,other,Used,263.8
lenovo,other,Used,574.5
other,other,New,125.44
dell,other,Used,416.8
lenovo,black,Used,554.0
other,other,Used,466.2
other,other,New,41.8
dell,other,Used,281.8
other,black,Undefined,203.8
dell,black,Used,335.2
other,other,Used,22.34
other,other,Very Good - Refurbished,734.0
lenovo,black,Undefined,493.2
lenovo,black,Used,471.2
lg,other,New,110.4
other,other,New,165.0
samsung,other,Undefined,178.9
lg,other,New,92.25
samsung,other,Undefined,149.4
other,other,New,127.44
auo,other,New,116.3
dell,other,Used,391.5
dell,other,Used,431.2
other,other,New,303.8
lg,other,New,134.8
dell,other,Used,281.0
dell,other,Used,302.8
other,black,Seller refurbished,432.2
dell,other,Used,182.0
auo,other,New,91.0
hp,other,New,93.4
lg,other,New,92.2
lenovo,other,Used,387.0
other,other,Undefined,105.8
samsung,other,New,102.75
other,other,New,50.7
lg,other,New,116.5
auo,other,New,59.94
other,other,Seller refurbished,2108.0
samsung,other,New,112.4
other,other,New,45.25
other,other,Used,430.0
other,other,Used,177.2
auo,other,New,81.56
lg,other,New,89.9
dell,other,Used,413.0
samsung,other,New,171.1
samsung,other,New,94.5
other,other,Used,658.0
hp,other,New,60.62
dell,other,Seller refurbished,549.0
lenovo,other,Used,394.0
other,black,Used,431.8
other,black,Seller refurbished,341.2
dell,other,Used,421.0
other,black,Used,238.4
other,other,Used,444.0
dell,black,Used,462.5
other,other,Seller refurbished,732.5
lenovo,black,Undefined,521.5
other,other,Used,9.43
lenovo,gray,Used,607.0
other,other,Used,14.1
lg,other,New,115.94
dell,black,Used,226.6
dell,other,Seller refurbished,1363.0
other,other,New,162.5
other,black,Used,387.2
other,other,Used,16.12
auo,other,New,50.6
other,other,New,405.5
lenovo,black,Used,520.5
samsung,other,New,80.7
dell,other,Used,480.5
other,black,Seller refurbished,306.8
dell,other,Used,650.0
lenovo,gray,Used,565.0
other,other,Used,40.12
other,other,New,1051.0
dell,other,Used,485.8
other,black,Used,192.6
dell,black,Used,269.8
other,other,Seller refurbished,2288.0
auo,other,New,65.8
other,other,New,301.5
lenovo,other,Used,460.0
dell,black,Used,416.8
lenovo,black,Undefined,448.5
auo,other,New,59.0
other,other,Used,831.0
lenovo,other,Seller refurbished,538.5
lg,other,New,97.3
other,other,Seller refurbished,518.0
dell,other,Used,532.0
lg,other,New,109.5
lg,other,New,166.5
other,other,Seller refurbished,443.0
other,other,Seller refurbished,488.2
lenovo,other,Seller refurbished,525.5
other,black,Seller refurbished,488.5
dell,other,Used,304.0
other,other,For parts or not working,75.0
other,other,New,81.0
other,other,Seller refurbished,425.0
dell,black,Used,229.8
other,other,New,104.4
other,other,Used,278.2
other,other,New,120.44
other,other,Undefined,64.44
other,black,Seller refurbished,266.0
other,other,Used,43.4
other,other,Undefined,128.1
lenovo,other,New,72.75
microsoft,other,For parts or not working,69.6
hp,black,Used,70.0
lenovo,black,Used,218.5
dell,other,Good - Refurbished,328.0
lenovo,black,Good - Refurbished,230.0
other,black,Undefined,509.5
microsoft,silver,Used,124.0
microsoft,silver,Open box,409.0
dell,black,Very Good - Refurbished,125.94
lenovo,black,For parts or not working,60.0
other,silver,New,636.0
dell,other,New,190.0
hp,gray,Used,89.94
other,green,Used,333.2
lenovo,black,Used,89.0
lenovo,gray,Undefined,949.0
dell,black,Excellent - Refurbished,270.0
hp,silver,Used,180.0
dell,black,Used,399.0
lenovo,gray,New,649.5
hp,silver,New,780.0
asus,blue,New,609.0
lenovo,other,Used,255.0
microsoft,other,Used,188.0
other,black,Used,320.0
other,other,Used,260.0
samsung,blue,Undefined,450.0
dell,other,Used,401.5
dell,other,Used,396.2
other,other,Open box,921.0
lenovo,other,Used,156.1
dell,other,Used,414.8
other,black,Used,169.0
dell,other,Used,363.8
hp,silver,Used,350.0
other,other,Used,129.9
dell,other,Used,24.25
other,other,Good - Refurbished,151.9
hp,other,Undefined,758.0
dell,black,Undefined,388.0
other,black,Seller refurbished,374.2
other,black,Used,204.5
other,other,Excellent - Refurbished,435.8
dell,black,Used,190.0
hp,silver,New,390.0
other,other,Used,8.68
other,other,New,57.3
other,other,Used,332.0
dell,other,Used,388.5
dell,other,Used,502.2
other,other,New,315.2
lenovo,other,New,64.25
lenovo,other,Used,358.5
acer,other,New,49.6
dell,other,Used,286.8
other,other,Seller refurbished,2326.0
auo,other,New,50.72
other,other,Seller refurbished,399.0
lenovo,other,New,60.75
other,other,Used,10.51
lenovo,other,Used,321.0
other,other,Seller refurbished,2128.0
other,other,Seller refurbished,2144.0
dell,other,Used,492.5
auo,other,New,70.06
other,other,Seller refurbished,528.5
other,other,Seller refurbished,2092.0
dell,other,Used,416.8
other,other,New,385.2
dell,black,Used,335.2
other,other,Seller refurbished,2678.0
other,other,Seller refurbished,2144.0
other,other,New,127.56
auo,other,New,54.97
other,other,Seller refurbished,301.5
other,other,New,94.06
dell,other,Used,284.2
dell,other,Used,375.5
other,black,Seller refurbished,374.2
other,other,Very Good - Refurbished,395.0
other,black,Seller refurbished,515.5
other,other,Used,491.0
other,other,Seller refurbished,711.5
other,other,Used,1046.0
other,other,Good - Refurbished,270.2
other,black,Used,477.5
dell,other,Used,292.2
lenovo,other,Used,462.8
other,other,Used,313.8
lg,other,New,93.7
other,other,Seller refurbished,431.8
other,other,For parts or not working,21.6
lenovo,black,Used,502.5
other,other,Used,434.5
lenovo,other,Used,433.8
other,other,Seller refurbished,558.0
other,other,Excellent - Refurbished,474.0
dell,black,Used,331.0
other,other,New,59.84
samsung,other,New,141.4
lenovo,black,Undefined,626.0
other,black,Seller refurbished,349.8
auo,other,Undefined,93.94
other,other,New,125.9
other,other,Used,14.14
lenovo,other,Used,346.0
asus,other,New,84.1
other,other,New,316.8
lenovo,other,Used,322.2
dell,black,Used,345.8
other,black,Seller refurbished,307.0
acer,other,New,70.75
dell,black,Used,430.2
other,other,Used,201.4
other,other,Undefined,95.0
dell,other,Seller refurbished,321.2
other,other,New,70.0
other,other,Used,43.5
dell,black,Used,229.8
lenovo,other,Used,500.0
dell,black,Used,324.8
dell,other,Used,332.2
lg,other,New,94.7
other,other,For parts or not working,22.22
dell,black,Used,294.8
lenovo,other,Seller refurbished,676.0
lenovo,other,Used,489.2
other,other,New,124.56
other,other,Used,486.5
other,other,Used,446.2
dell,black,Used,100.0
other,other,New,371.8
other,other,Used,7.6
other,other,New,205.9
other,other,Very Good - Refurbished,593.5
auo,other,New,55.03
auo,other,New,116.5
other,other,Undefined,155.4
dell,black,Used,344.8
dell,other,Seller refurbished,431.8
other,other,Good - Refurbished,334.2
dell,black,Used,269.8
dell,other,Used,396.8
other,other,Used,294.5
dell,other,Used,384.5
other,other,Used,205.8
other,other,Used,245.2
other,other,Used,218.8
other,other,Good - Refurbished,270.5
samsung,other,New,69.3
hp,other,Used,147.5
other,other,New,109.5
other,other,New,105.5
other,black,Used,441.2
dell,black,Used,325.0
other,other,Used,152.0
asus,other,Used,101.4
other,other,New,42.12
asus,black,Undefined,840.0
other,other,For parts or not working,22.0
dell,black,Used,234.8
other,other,Seller refurbished,314.0
other,other,Good - Refurbished,571.0
other,other,Used,108.5
lenovo,other,Undefined,174.4
dell,black,Used,269.8
dell,other,Used,356.2
other,other,Used,392.8
other,other,New,312.2
other,black,Seller refurbished,364.8
other,other,Used,465.2
other,other,New,41.75
other,other,New,147.1
other,other,New,50.78
other,other,New,88.5
other,other,New,92.56
dell,black,Used,382.5
dell,other,Used,394.0
other,other,Seller refurbished,2182.0
other,other,Seller refurbished,1529.0
auo,other,New,93.75
other,black,Seller refurbished,300.5
other,white,Used,112.5
samsung,other,New,90.44
auo,other,New,55.4
other,other,Used,295.5
other,other,Used,304.2
other,other,Undefined,92.6
other,other,New,93.2
acer,other,For parts or not working,21.8
other,other,New,27.77
other,black,Seller refurbished,342.2
other,other,New,89.9
other,other,New,107.44
other,black,Seller refurbished,326.2
other,other,New,3156.0
other,other,Seller refurbished,608.0
other,other,Used,268.0
dell,black,Used,989.5
other,other,Seller refurbished,640.5
other,other,Seller refurbished,2182.0
lg,other,New,125.94
other,other,Good - Refurbished,319.0
dell,other,Seller refurbished,270.2
dell,black,Used,429.0
other,other,New,162.2
acer,other,New,93.25
dell,black,Used,424.8
hp,other,New,90.94
lenovo,black,Undefined,567.5
